סמל ישוב בחירות,שם ישוב בחירות,סמל קלפי,סמל רכוז,כתובת קלפי,סמל ישוב קלפי,שם ישוב קלפי,סמל רחוב קלפי,שם רחוב קלפי,מס' בית,מקום קלפי,סווג מקום,מחוז
5000,תל אביב - יפו,1.0,086,"עשהאל,3 ",5000,תל אביב - יפו,321,עשהאל,3,"בי""ס צהלה",בית ספר ממלכתי,תא
5000,תל אביב - יפו,3.0,086,"עשהאל,3 ",5000,תל אביב - יפו,321,עשהאל,3,"בי""ס צהלה",בית ספר ממלכתי,תא
5000,תל אביב - יפו,4.0,063,"בית אל,45 ",5000,תל אביב - יפו,373,בית אל,45,"בי""ס משה שרת",בית ספר ממלכתי,תא
5000,תל אביב - יפו,5.0,036,"קהילת ורשה,12 ",5000,תל אביב - יפו,230,קהילת ורשה,12,"בי""ס דוד ילין",בית ספר ממלכתי,תא
5000,תל אביב - יפו,6.0,171,"רמה,5 ",5000,תל אביב - יפו,374,רמה,5,מרכז יום לקשיש,מועדון קשישים,תא
5000,תל אביב - יפו,7.0,054,"עולי הגרדום,7 ",5000,תל אביב - יפו,345,עולי הגרדום,7,"בי""ס ישגב",בית ספר ממלכתי,תא
5000,תל אביב - יפו,8.0,173,"עולי הגרדום,50 ",5000,תל אביב - יפו,345,עולי הגרדום,50,"מתנ""ס בית קמחי","מתנ""ס/מועדון נוער",תא
5000,תל אביב - יפו,9.0,173,"עולי הגרדום,50 ",5000,תל אביב - יפו,345,עולי הגרדום,50,"מתנ""ס בית קמחי","מתנ""ס/מועדון נוער",תא
5000,תל אביב - יפו,10.0,054,"עולי הגרדום,7 ",5000,תל אביב - יפו,345,עולי הגרדום,7,"בי""ס ישגב",בית ספר ממלכתי,תא
5000,תל אביב - יפו,11.0,066,"תבואות הארץ,11 ",5000,תל אביב - יפו,331,תבואות הארץ,11,"בי""ס תיכון עירוני יד",בית ספר תיכון עירוני,תא
5000,תל אביב - יפו,12.0,122,"ק""ם,65 ",5000,תל אביב - יפו,349,"ק""ם",65,"בי""ס רמת החי""ל",בית ספר ממלכתי,תא
5000,תל אביב - יפו,13.0,063,"בית אל,45 ",5000,תל אביב - יפו,373,בית אל,45,"בי""ס משה שרת",בית ספר ממלכתי,תא
5000,תל אביב - יפו,14.0,172,"דבורה הנביאה,85 ",5000,תל אביב - יפו,367,דבורה הנביאה,85,"בי""ס יסודי התורה א'","תלמוד תורה (ת""ת)",תא
5000,תל אביב - יפו,15.0,172,"דבורה הנביאה,85 ",5000,תל אביב - יפו,367,דבורה הנביאה,85,"בי""ס יסודי התורה א'","תלמוד תורה (ת""ת)",תא
5000,תל אביב - יפו,16.0,171,"רמה,5 ",5000,תל אביב - יפו,374,רמה,5,מרכז יום לקשיש,מועדון קשישים,תא
5000,תל אביב - יפו,17.0,171,"רמה,5 ",5000,תל אביב - יפו,374,רמה,5,מרכז יום לקשיש,מועדון קשישים,תא
5000,תל אביב - יפו,18.0,121,"אבנר,1 ",5000,תל אביב - יפו,313,אבנר,1,מועדון נוער צהלה,"מתנ""ס/מועדון נוער",תא
5000,תל אביב - יפו,19.0,121,"אבנר,1 ",5000,תל אביב - יפו,313,אבנר,1,מועדון נוער צהלה,"מתנ""ס/מועדון נוער",תא
5000,תל אביב - יפו,20.0,171,"רמה,5 ",5000,תל אביב - יפו,374,רמה,5,מרכז יום לקשיש,מועדון קשישים,תא
5000,תל אביב - יפו,21.0,063,"בית אל,45 ",5000,תל אביב - יפו,373,בית אל,45,"בי""ס משה שרת",בית ספר ממלכתי,תא
5000,תל אביב - יפו,22.0,086,"עשהאל,3 ",5000,תל אביב - יפו,321,עשהאל,3,"בי""ס צהלה",בית ספר ממלכתי,תא
5000,תל אביב - יפו,23.0,121,"אבנר,1 ",5000,תל אביב - יפו,313,אבנר,1,מועדון נוער צהלה,"מתנ""ס/מועדון נוער",תא
5000,תל אביב - יפו,24.0,066,"תבואות הארץ,11 ",5000,תל אביב - יפו,331,תבואות הארץ,11,"בי""ס תיכון עירוני יד",בית ספר תיכון עירוני,תא
5000,תל אביב - יפו,25.0,066,"תבואות הארץ,11 ",5000,תל אביב - יפו,331,תבואות הארץ,11,"בי""ס תיכון עירוני יד",בית ספר תיכון עירוני,תא
5000,תל אביב - יפו,26.0,066,"תבואות הארץ,11 ",5000,תל אביב - יפו,331,תבואות הארץ,11,"בי""ס תיכון עירוני יד",בית ספר תיכון עירוני,תא
5000,תל אביב - יפו,27.0,066,"תבואות הארץ,11 ",5000,תל אביב - יפו,331,תבואות הארץ,11,"בי""ס תיכון עירוני יד",בית ספר תיכון עירוני,תא
5000,תל אביב - יפו,28.0,066,"תבואות הארץ,11 ",5000,תל אביב - יפו,331,תבואות הארץ,11,"בי""ס תיכון עירוני יד",בית ספר תיכון עירוני,תא
5000,תל אביב - יפו,29.0,170,"קיציס יוסף,23 ",5000,תל אביב - יפו,200,קיציס יוסף,23,"מתנ""ס קהילתי בית פרנקפורט","מתנ""ס/מועדון נוער",תא
5000,תל אביב - יפו,30.0,170,"קיציס יוסף,23 ",5000,תל אביב - יפו,200,קיציס יוסף,23,"מתנ""ס קהילתי בית פרנקפורט","מתנ""ס/מועדון נוער",תא
5000,תל אביב - יפו,31.0,011,"קהילת קיוב,15 ",5000,תל אביב - יפו,258,קהילת קיוב,15,"בי""ס מקיף על שם ליידי דייוויס",בית ספר תיכון עירוני,תא
5000,תל אביב - יפו,32.0,036,"קהילת ורשה,12 ",5000,תל אביב - יפו,230,קהילת ורשה,12,"בי""ס דוד ילין",בית ספר ממלכתי,תא
5000,תל אביב - יפו,33.0,036,"קהילת ורשה,12 ",5000,תל אביב - יפו,230,קהילת ורשה,12,"בי""ס דוד ילין",בית ספר ממלכתי,תא
5000,תל אביב - יפו,34.0,036,"קהילת ורשה,12 ",5000,תל אביב - יפו,230,קהילת ורשה,12,"בי""ס דוד ילין",בית ספר ממלכתי,תא
5000,תל אביב - יפו,35.0,036,"קהילת ורשה,12 ",5000,תל אביב - יפו,230,קהילת ורשה,12,"בי""ס דוד ילין",בית ספר ממלכתי,תא
5000,תל אביב - יפו,36.0,170,"קיציס יוסף,23 ",5000,תל אביב - יפו,200,קיציס יוסף,23,"מתנ""ס קהילתי בית פרנקפורט","מתנ""ס/מועדון נוער",תא
5000,תל אביב - יפו,37.0,056,"קדש ברנע,4 ",5000,תל אביב - יפו,263,קדש ברנע,4,"בי""ס מגן",בית ספר ממלכתי,תא
5000,תל אביב - יפו,38.0,056,"קדש ברנע,4 ",5000,תל אביב - יפו,263,קדש ברנע,4,"בי""ס מגן",בית ספר ממלכתי,תא
5000,תל אביב - יפו,39.0,010,"מגדל שרשן,17 ",5000,תל אביב - יפו,216,מגדל שרשן,17,בי'ס אלחריזי,בית ספר ממלכתי,תא
5000,תל אביב - יפו,40.0,218,"בקר אהרון,10 ",5000,תל אביב - יפו,4774,בקר אהרון,10,"בי""ס ע""ש נעמי שמר",,תא
5000,תל אביב - יפו,41.0,056,"קדש ברנע,4 ",5000,תל אביב - יפו,263,קדש ברנע,4,"בי""ס מגן",בית ספר ממלכתי,תא
5000,תל אביב - יפו,42.0,010,"מגדל שרשן,17 ",5000,תל אביב - יפו,216,מגדל שרשן,17,בי'ס אלחריזי,בית ספר ממלכתי,תא
5000,תל אביב - יפו,43.0,010,"מגדל שרשן,17 ",5000,תל אביב - יפו,216,מגדל שרשן,17,בי'ס אלחריזי,בית ספר ממלכתי,תא
5000,תל אביב - יפו,44.0,011,"קהילת קיוב,15 ",5000,תל אביב - יפו,258,קהילת קיוב,15,"בי""ס מקיף על שם ליידי דייוויס",בית ספר תיכון עירוני,תא
5000,תל אביב - יפו,45.0,011,"קהילת קיוב,15 ",5000,תל אביב - יפו,258,קהילת קיוב,15,"בי""ס מקיף על שם ליידי דייוויס",בית ספר תיכון עירוני,תא
5000,תל אביב - יפו,46.0,170,"קיציס יוסף,23 ",5000,תל אביב - יפו,200,קיציס יוסף,23,"מתנ""ס קהילתי בית פרנקפורט","מתנ""ס/מועדון נוער",תא
5000,תל אביב - יפו,47.0,010,"מגדל שרשן,17 ",5000,תל אביב - יפו,216,מגדל שרשן,17,בי'ס אלחריזי,בית ספר ממלכתי,תא
5000,תל אביב - יפו,48.0,011,"קהילת קיוב,15 ",5000,תל אביב - יפו,258,קהילת קיוב,15,"בי""ס מקיף על שם ליידי דייוויס",בית ספר תיכון עירוני,תא
5000,תל אביב - יפו,49.0,011,"קהילת קיוב,15 ",5000,תל אביב - יפו,258,קהילת קיוב,15,"בי""ס מקיף על שם ליידי דייוויס",בית ספר תיכון עירוני,תא
5000,תל אביב - יפו,50.0,008,"בורלא יהודה,25 ",5000,תל אביב - יפו,196,בורלא יהודה,25,"בי""ס זלמן ארן",בית ספר ממלכתי,תא
5000,תל אביב - יפו,51.0,008,"בורלא יהודה,25 ",5000,תל אביב - יפו,196,בורלא יהודה,25,"בי""ס זלמן ארן",בית ספר ממלכתי,תא
5000,תל אביב - יפו,52.0,008,"בורלא יהודה,25 ",5000,תל אביב - יפו,196,בורלא יהודה,25,"בי""ס זלמן ארן",בית ספר ממלכתי,תא
5000,תל אביב - יפו,53.0,163,"אשכול לוי,94 ",5000,תל אביב - יפו,197,אשכול לוי,94,"בי""ס ממלכתי אביב",בית ספר ממלכתי,תא
5000,תל אביב - יפו,54.0,008,"בורלא יהודה,25 ",5000,תל אביב - יפו,196,בורלא יהודה,25,"בי""ס זלמן ארן",בית ספר ממלכתי,תא
5000,תל אביב - יפו,55.0,008,"בורלא יהודה,25 ",5000,תל אביב - יפו,196,בורלא יהודה,25,"בי""ס זלמן ארן",בית ספר ממלכתי,תא
5000,תל אביב - יפו,56.0,028,"פרסיץ שושנה,1 ",5000,תל אביב - יפו,276,פרסיץ שושנה,1,"ביה""ס הצורי",בית ספר תיכון עירוני,תא
5000,תל אביב - יפו,57.0,008,"בורלא יהודה,25 ",5000,תל אביב - יפו,196,בורלא יהודה,25,"בי""ס זלמן ארן",בית ספר ממלכתי,תא
5000,תל אביב - יפו,58.0,028,"פרסיץ שושנה,1 ",5000,תל אביב - יפו,276,פרסיץ שושנה,1,"ביה""ס הצורי",בית ספר תיכון עירוני,תא
5000,תל אביב - יפו,59.0,006,"דרזנר יחיאל,2א",5000,תל אביב - יפו,293,דרזנר יחיאל,2,מרכז קהילתי רוזין,מרכז קהילתי,תא
5000,תל אביב - יפו,60.0,111,"רדינג,35 ",5000,תל אביב - יפו,101,רדינג,35,"בי""ס אלומות",בית ספר ממלכתי דתי,תא
5000,תל אביב - יפו,61.0,006,"דרזנר יחיאל,2א",5000,תל אביב - יפו,293,דרזנר יחיאל,2,מרכז קהילתי רוזין,מרכז קהילתי,תא
5000,תל אביב - יפו,62.0,013,"לויטן יצחק,7 ",5000,תל אביב - יפו,182,לויטן יצחק,7,"בי""ס ארזים",בית ספר ממלכתי,תא
5000,תל אביב - יפו,63.0,006,"דרזנר יחיאל,2א",5000,תל אביב - יפו,293,דרזנר יחיאל,2,מרכז קהילתי רוזין,מרכז קהילתי,תא
5000,תל אביב - יפו,64.0,160,"לבנון חיים,37 ",5000,תל אביב - יפו,116,לבנון חיים,37,מרכז קהילתי רמת אביב,מרכז קהילתי,תא
5000,תל אביב - יפו,65.0,162,"גרונימן,11 ",5000,תל אביב - יפו,117,גרונימן,11,"בי""ס אילנות",בית ספר ממלכתי,תא
5000,תל אביב - יפו,66.0,016,"אנדרסן,22 ",5000,תל אביב - יפו,175,אנדרסן,22,"בי""ס ניצנים",בית ספר ממלכתי,תא
5000,תל אביב - יפו,67.0,107,"רדינג,26 ",5000,תל אביב - יפו,101,רדינג,26,"בי""ס תיכון י אליאנס",בית ספר פרטי,תא
5000,תל אביב - יפו,68.0,016,"אנדרסן,22 ",5000,תל אביב - יפו,175,אנדרסן,22,"בי""ס ניצנים",בית ספר ממלכתי,תא
5000,תל אביב - יפו,69.0,111,"רדינג,35 ",5000,תל אביב - יפו,101,רדינג,35,"בי""ס אלומות",בית ספר ממלכתי דתי,תא
5000,תל אביב - יפו,70.0,007,"ברש אשר,2 ",5000,תל אביב - יפו,110,ברש אשר,2,"אורנים חט""ב כיח",חטיבת ביניים,תא
5000,תל אביב - יפו,71.0,107,"רדינג,26 ",5000,תל אביב - יפו,101,רדינג,26,"בי""ס תיכון י אליאנס",בית ספר פרטי,תא
5000,תל אביב - יפו,72.0,162,"גרונימן,11 ",5000,תל אביב - יפו,117,גרונימן,11,"בי""ס אילנות",בית ספר ממלכתי,תא
5000,תל אביב - יפו,73.0,007,"ברש אשר,2 ",5000,תל אביב - יפו,110,ברש אשר,2,"אורנים חט""ב כיח",חטיבת ביניים,תא
5000,תל אביב - יפו,74.0,007,"ברש אשר,2 ",5000,תל אביב - יפו,110,ברש אשר,2,"אורנים חט""ב כיח",חטיבת ביניים,תא
5000,תל אביב - יפו,75.0,016,"אנדרסן,22 ",5000,תל אביב - יפו,175,אנדרסן,22,"בי""ס ניצנים",בית ספר ממלכתי,תא
5000,תל אביב - יפו,76.0,016,"אנדרסן,22 ",5000,תל אביב - יפו,175,אנדרסן,22,"בי""ס ניצנים",בית ספר ממלכתי,תא
5000,תל אביב - יפו,77.0,013,"לויטן יצחק,7 ",5000,תל אביב - יפו,182,לויטן יצחק,7,"בי""ס ארזים",בית ספר ממלכתי,תא
5000,תל אביב - יפו,78.0,016,"אנדרסן,22 ",5000,תל אביב - יפו,175,אנדרסן,22,"בי""ס ניצנים",בית ספר ממלכתי,תא
5000,תל אביב - יפו,79.0,016,"אנדרסן,22 ",5000,תל אביב - יפו,175,אנדרסן,22,"בי""ס ניצנים",בית ספר ממלכתי,תא
5000,תל אביב - יפו,80.0,013,"לויטן יצחק,7 ",5000,תל אביב - יפו,182,לויטן יצחק,7,"בי""ס ארזים",בית ספר ממלכתי,תא
5000,תל אביב - יפו,81.0,016,"אנדרסן,22 ",5000,תל אביב - יפו,175,אנדרסן,22,"בי""ס ניצנים",בית ספר ממלכתי,תא
5000,תל אביב - יפו,82.0,016,"אנדרסן,22 ",5000,תל אביב - יפו,175,אנדרסן,22,"בי""ס ניצנים",בית ספר ממלכתי,תא
5000,תל אביב - יפו,83.0,016,"אנדרסן,22 ",5000,תל אביב - יפו,175,אנדרסן,22,"בי""ס ניצנים",בית ספר ממלכתי,תא
5000,תל אביב - יפו,84.0,013,"לויטן יצחק,7 ",5000,תל אביב - יפו,182,לויטן יצחק,7,"בי""ס ארזים",בית ספר ממלכתי,תא
5000,תל אביב - יפו,85.0,071,"פיינשטיין,83 ",5000,תל אביב - יפו,289,פיינשטיין,83,"בי""ס רמת אביב ג",בית ספר ממלכתי,תא
5000,תל אביב - יפו,86.0,013,"לויטן יצחק,7 ",5000,תל אביב - יפו,182,לויטן יצחק,7,"בי""ס ארזים",בית ספר ממלכתי,תא
5000,תל אביב - יפו,87.0,006,"דרזנר יחיאל,2א",5000,תל אביב - יפו,293,דרזנר יחיאל,2,מרכז קהילתי רוזין,מרכז קהילתי,תא
5000,תל אביב - יפו,88.0,013,"לויטן יצחק,7 ",5000,תל אביב - יפו,182,לויטן יצחק,7,"בי""ס ארזים",בית ספר ממלכתי,תא
5000,תל אביב - יפו,89.0,071,"פיינשטיין,83 ",5000,תל אביב - יפו,289,פיינשטיין,83,"בי""ס רמת אביב ג",בית ספר ממלכתי,תא
5000,תל אביב - יפו,90.0,016,"אנדרסן,22 ",5000,תל אביב - יפו,175,אנדרסן,22,"בי""ס ניצנים",בית ספר ממלכתי,תא
5000,תל אביב - יפו,91.0,016,"אנדרסן,22 ",5000,תל אביב - יפו,175,אנדרסן,22,"בי""ס ניצנים",בית ספר ממלכתי,תא
5000,תל אביב - יפו,92.0,016,"אנדרסן,22 ",5000,תל אביב - יפו,175,אנדרסן,22,"בי""ס ניצנים",בית ספר ממלכתי,תא
5000,תל אביב - יפו,93.0,013,"לויטן יצחק,7 ",5000,תל אביב - יפו,182,לויטן יצחק,7,"בי""ס ארזים",בית ספר ממלכתי,תא
5000,תל אביב - יפו,94.0,071,"פיינשטיין,83 ",5000,תל אביב - יפו,289,פיינשטיין,83,"בי""ס רמת אביב ג",בית ספר ממלכתי,תא
5000,תל אביב - יפו,95.0,071,"פיינשטיין,83 ",5000,תל אביב - יפו,289,פיינשטיין,83,"בי""ס רמת אביב ג",בית ספר ממלכתי,תא
5000,תל אביב - יפו,96.0,071,"פיינשטיין,83 ",5000,תל אביב - יפו,289,פיינשטיין,83,"בי""ס רמת אביב ג",בית ספר ממלכתי,תא
5000,תל אביב - יפו,97.0,006,"דרזנר יחיאל,2א",5000,תל אביב - יפו,293,דרזנר יחיאל,2,מרכז קהילתי רוזין,מרכז קהילתי,תא
5000,תל אביב - יפו,98.0,071,"פיינשטיין,83 ",5000,תל אביב - יפו,289,פיינשטיין,83,"בי""ס רמת אביב ג",בית ספר ממלכתי,תא
5000,תל אביב - יפו,99.0,013,"לויטן יצחק,7 ",5000,תל אביב - יפו,182,לויטן יצחק,7,"בי""ס ארזים",בית ספר ממלכתי,תא
5000,תל אביב - יפו,100.0,071,"פיינשטיין,83 ",5000,תל אביב - יפו,289,פיינשטיין,83,"בי""ס רמת אביב ג",בית ספר ממלכתי,תא
5000,תל אביב - יפו,101.0,006,"דרזנר יחיאל,2א",5000,תל אביב - יפו,293,דרזנר יחיאל,2,מרכז קהילתי רוזין,מרכז קהילתי,תא
5000,תל אביב - יפו,102.0,006,"דרזנר יחיאל,2א",5000,תל אביב - יפו,293,דרזנר יחיאל,2,מרכז קהילתי רוזין,מרכז קהילתי,תא
5000,תל אביב - יפו,103.0,071,"פיינשטיין,83 ",5000,תל אביב - יפו,289,פיינשטיין,83,"בי""ס רמת אביב ג",בית ספר ממלכתי,תא
5000,תל אביב - יפו,104.0,121,"אבנר,1 ",5000,תל אביב - יפו,313,אבנר,1,מועדון נוער צהלה,"מתנ""ס/מועדון נוער",תא
5000,תל אביב - יפו,105.0,071,"פיינשטיין,83 ",5000,תל אביב - יפו,289,פיינשטיין,83,"בי""ס רמת אביב ג",בית ספר ממלכתי,תא
5000,תל אביב - יפו,106.0,086,"עשהאל,3 ",5000,תל אביב - יפו,321,עשהאל,3,"בי""ס צהלה",בית ספר ממלכתי,תא
5000,תל אביב - יפו,107.0,121,"אבנר,1 ",5000,תל אביב - יפו,313,אבנר,1,מועדון נוער צהלה,"מתנ""ס/מועדון נוער",תא
5000,תל אביב - יפו,108.0,218,"בקר אהרון,10 ",5000,תל אביב - יפו,4774,בקר אהרון,10,"בי""ס ע""ש נעמי שמר",,תא
5000,תל אביב - יפו,109.0,218,"בקר אהרון,10 ",5000,תל אביב - יפו,4774,בקר אהרון,10,"בי""ס ע""ש נעמי שמר",,תא
5000,תל אביב - יפו,110.0,160,"לבנון חיים,37 ",5000,תל אביב - יפו,116,לבנון חיים,37,מרכז קהילתי רמת אביב,מרכז קהילתי,תא
5000,תל אביב - יפו,111.0,107,"רדינג,26 ",5000,תל אביב - יפו,101,רדינג,26,"בי""ס תיכון י אליאנס",בית ספר פרטי,תא
5000,תל אביב - יפו,112.0,008,"בורלא יהודה,25 ",5000,תל אביב - יפו,196,בורלא יהודה,25,"בי""ס זלמן ארן",בית ספר ממלכתי,תא
5000,תל אביב - יפו,113.0,218,"בקר אהרון,10 ",5000,תל אביב - יפו,4774,בקר אהרון,10,"בי""ס ע""ש נעמי שמר",,תא
5000,תל אביב - יפו,114.0,218,"בקר אהרון,10 ",5000,תל אביב - יפו,4774,בקר אהרון,10,"בי""ס ע""ש נעמי שמר",,תא
5000,תל אביב - יפו,115.0,162,"גרונימן,11 ",5000,תל אביב - יפו,117,גרונימן,11,"בי""ס אילנות",בית ספר ממלכתי,תא
5000,תל אביב - יפו,116.0,163,"אשכול לוי,94 ",5000,תל אביב - יפו,197,אשכול לוי,94,"בי""ס ממלכתי אביב",בית ספר ממלכתי,תא
5000,תל אביב - יפו,117.0,163,"אשכול לוי,94 ",5000,תל אביב - יפו,197,אשכול לוי,94,"בי""ס ממלכתי אביב",בית ספר ממלכתי,תא
5000,תל אביב - יפו,118.0,080,"בן יהודה,227 ",5000,תל אביב - יפו,510,בן יהודה,227,"בי""ס תיכון ה",בית ספר תיכון עירוני,תא
5000,תל אביב - יפו,119.0,100,"שד נורדאו,63 ",5000,תל אביב - יפו,425,שד נורדאו,63,"מתנ""ס קהילתי דתי בית-מגיד",מרכז קהילתי,תא
5000,תל אביב - יפו,120.0,032,"הירקון,248 ",5000,תל אביב - יפו,461,הירקון,248,"בי""ס גורדון",בית ספר ממלכתי,תא
5000,תל אביב - יפו,121.0,080,"בן יהודה,227 ",5000,תל אביב - יפו,510,בן יהודה,227,"בי""ס תיכון ה",בית ספר תיכון עירוני,תא
5000,תל אביב - יפו,122.0,005,"שמעון התרסי,31 ",5000,תל אביב - יפו,422,שמעון התרסי,31,"בי""ס אוסישקין",בית ספר ממלכתי,תא
5000,תל אביב - יפו,123.0,082,"בן יהודה,193 ",5000,תל אביב - יפו,510,בן יהודה,193,"סניף בי""ס תיכון ה'",בית ספר תיכון עירוני,תא
5000,תל אביב - יפו,124.0,080,"בן יהודה,227 ",5000,תל אביב - יפו,510,בן יהודה,227,"בי""ס תיכון ה",בית ספר תיכון עירוני,תא
5000,תל אביב - יפו,125.0,080,"בן יהודה,227 ",5000,תל אביב - יפו,510,בן יהודה,227,"בי""ס תיכון ה",בית ספר תיכון עירוני,תא
5000,תל אביב - יפו,126.0,032,"הירקון,248 ",5000,תל אביב - יפו,461,הירקון,248,"בי""ס גורדון",בית ספר ממלכתי,תא
5000,תל אביב - יפו,127.0,082,"בן יהודה,193 ",5000,תל אביב - יפו,510,בן יהודה,193,"סניף בי""ס תיכון ה'",בית ספר תיכון עירוני,תא
5000,תל אביב - יפו,128.0,082,"בן יהודה,193 ",5000,תל אביב - יפו,510,בן יהודה,193,"סניף בי""ס תיכון ה'",בית ספר תיכון עירוני,תא
5000,תל אביב - יפו,129.0,082,"בן יהודה,193 ",5000,תל אביב - יפו,510,בן יהודה,193,"סניף בי""ס תיכון ה'",בית ספר תיכון עירוני,תא
5000,תל אביב - יפו,130.0,180,"מנדלשטם,12 ",5000,תל אביב - יפו,451,מנדלשטם,12,מרכז יום לקשיש,מועדון קשישים,תא
5000,תל אביב - יפו,131.0,180,"מנדלשטם,12 ",5000,תל אביב - יפו,451,מנדלשטם,12,מרכז יום לקשיש,מועדון קשישים,תא
5000,תל אביב - יפו,132.0,180,"מנדלשטם,12 ",5000,תל אביב - יפו,451,מנדלשטם,12,מרכז יום לקשיש,מועדון קשישים,תא
5000,תל אביב - יפו,133.0,082,"בן יהודה,193 ",5000,תל אביב - יפו,510,בן יהודה,193,"סניף בי""ס תיכון ה'",בית ספר תיכון עירוני,תא
5000,תל אביב - יפו,134.0,221,"הר נבו,4 ",5000,תל אביב - יפו,448,הר נבו,4,"בי""ס מצדה - אולם ספורט",,תא
5000,תל אביב - יפו,135.0,066,"תבואות הארץ,11 ",5000,תל אביב - יפו,331,תבואות הארץ,11,"בי""ס תיכון עירוני יד",בית ספר תיכון עירוני,תא
5000,תל אביב - יפו,136.0,011,"קהילת קיוב,15 ",5000,תל אביב - יפו,258,קהילת קיוב,15,"בי""ס מקיף על שם ליידי דייוויס",בית ספר תיכון עירוני,תא
5000,תל אביב - יפו,137.0,098,"אנטיגונוס,6 ",5000,תל אביב - יפו,813,אנטיגונוס,6,מרכז טכנולוגי למינהל,מוסד להשכלה גבוהה/מכללה,תא
5000,תל אביב - יפו,138.0,028,"פרסיץ שושנה,1 ",5000,תל אביב - יפו,276,פרסיץ שושנה,1,"ביה""ס הצורי",בית ספר תיכון עירוני,תא
5000,תל אביב - יפו,139.0,100,"שד נורדאו,63 ",5000,תל אביב - יפו,425,שד נורדאו,63,"מתנ""ס קהילתי דתי בית-מגיד",מרכז קהילתי,תא
5000,תל אביב - יפו,140.0,100,"שד נורדאו,63 ",5000,תל אביב - יפו,425,שד נורדאו,63,"מתנ""ס קהילתי דתי בית-מגיד",מרכז קהילתי,תא
5000,תל אביב - יפו,141.0,121,"אבנר,1 ",5000,תל אביב - יפו,313,אבנר,1,מועדון נוער צהלה,"מתנ""ס/מועדון נוער",תא
5000,תל אביב - יפו,142.0,100,"שד נורדאו,63 ",5000,תל אביב - יפו,425,שד נורדאו,63,"מתנ""ס קהילתי דתי בית-מגיד",מרכז קהילתי,תא
5000,תל אביב - יפו,143.0,100,"שד נורדאו,63 ",5000,תל אביב - יפו,425,שד נורדאו,63,"מתנ""ס קהילתי דתי בית-מגיד",מרכז קהילתי,תא
5000,תל אביב - יפו,144.0,100,"שד נורדאו,63 ",5000,תל אביב - יפו,425,שד נורדאו,63,"מתנ""ס קהילתי דתי בית-מגיד",מרכז קהילתי,תא
5000,תל אביב - יפו,145.0,121,"אבנר,1 ",5000,תל אביב - יפו,313,אבנר,1,מועדון נוער צהלה,"מתנ""ס/מועדון נוער",תא
5000,תל אביב - יפו,146.0,005,"שמעון התרסי,31 ",5000,תל אביב - יפו,422,שמעון התרסי,31,"בי""ס אוסישקין",בית ספר ממלכתי,תא
5000,תל אביב - יפו,147.0,005,"שמעון התרסי,31 ",5000,תל אביב - יפו,422,שמעון התרסי,31,"בי""ס אוסישקין",בית ספר ממלכתי,תא
5000,תל אביב - יפו,148.0,005,"שמעון התרסי,31 ",5000,תל אביב - יפו,422,שמעון התרסי,31,"בי""ס אוסישקין",בית ספר ממלכתי,תא
5000,תל אביב - יפו,149.0,009,"הר נבו,19 ",5000,תל אביב - יפו,448,הר נבו,19,פיקוח עירוני,מוסד מוניציפלי-משרדים,תא
5000,תל אביב - יפו,150.0,009,"הר נבו,19 ",5000,תל אביב - יפו,448,הר נבו,19,פיקוח עירוני,מוסד מוניציפלי-משרדים,תא
5000,תל אביב - יפו,151.0,098,"אנטיגונוס,6 ",5000,תל אביב - יפו,813,אנטיגונוס,6,מרכז טכנולוגי למינהל,מוסד להשכלה גבוהה/מכללה,תא
5000,תל אביב - יפו,152.0,221,"הר נבו,4 ",5000,תל אביב - יפו,448,הר נבו,4,"בי""ס מצדה - אולם ספורט",,תא
5000,תל אביב - יפו,153.0,028,"פרסיץ שושנה,1 ",5000,תל אביב - יפו,276,פרסיץ שושנה,1,"ביה""ס הצורי",בית ספר תיכון עירוני,תא
5000,תל אביב - יפו,154.0,005,"שמעון התרסי,31 ",5000,תל אביב - יפו,422,שמעון התרסי,31,"בי""ס אוסישקין",בית ספר ממלכתי,תא
5000,תל אביב - יפו,155.0,163,"אשכול לוי,94 ",5000,תל אביב - יפו,197,אשכול לוי,94,"בי""ס ממלכתי אביב",בית ספר ממלכתי,תא
5000,תל אביב - יפו,156.0,028,"פרסיץ שושנה,1 ",5000,תל אביב - יפו,276,פרסיץ שושנה,1,"ביה""ס הצורי",בית ספר תיכון עירוני,תא
5000,תל אביב - יפו,157.0,010,"מגדל שרשן,17 ",5000,תל אביב - יפו,216,מגדל שרשן,17,בי'ס אלחריזי,בית ספר ממלכתי,תא
5000,תל אביב - יפו,158.0,163,"אשכול לוי,94 ",5000,תל אביב - יפו,197,אשכול לוי,94,"בי""ס ממלכתי אביב",בית ספר ממלכתי,תא
5000,תל אביב - יפו,159.0,063,"בית אל,45 ",5000,תל אביב - יפו,373,בית אל,45,"בי""ס משה שרת",בית ספר ממלכתי,תא
5000,תל אביב - יפו,160.0,171,"רמה,5 ",5000,תל אביב - יפו,374,רמה,5,מרכז יום לקשיש,מועדון קשישים,תא
5000,תל אביב - יפו,161.0,059,"שלומציון המלכה,65 ",5000,תל אביב - יפו,803,שלומציון המלכה,65,"בי""ס מירון",בית ספר ממלכתי דתי,תא
5000,תל אביב - יפו,162.0,054,"עולי הגרדום,7 ",5000,תל אביב - יפו,345,עולי הגרדום,7,"בי""ס ישגב",בית ספר ממלכתי,תא
5000,תל אביב - יפו,163.0,066,"תבואות הארץ,11 ",5000,תל אביב - יפו,331,תבואות הארץ,11,"בי""ס תיכון עירוני יד",בית ספר תיכון עירוני,תא
5000,תל אביב - יפו,164.0,013,"לויטן יצחק,7 ",5000,תל אביב - יפו,182,לויטן יצחק,7,"בי""ס ארזים",בית ספר ממלכתי,תא
5000,תל אביב - יפו,165.0,221,"הר נבו,4 ",5000,תל אביב - יפו,448,הר נבו,4,"בי""ס מצדה - אולם ספורט",,תא
5000,תל אביב - יפו,166.0,050,"שטריקר,19 ",5000,תל אביב - יפו,817,שטריקר,19,"בי""ס תיכון י""א",בית ספר תיכון עירוני,תא
5000,תל אביב - יפו,167.0,050,"שטריקר,19 ",5000,תל אביב - יפו,817,שטריקר,19,"בי""ס תיכון י""א",בית ספר תיכון עירוני,תא
5000,תל אביב - יפו,168.0,059,"שלומציון המלכה,65 ",5000,תל אביב - יפו,803,שלומציון המלכה,65,"בי""ס מירון",בית ספר ממלכתי דתי,תא
5000,תל אביב - יפו,169.0,059,"שלומציון המלכה,65 ",5000,תל אביב - יפו,803,שלומציון המלכה,65,"בי""ס מירון",בית ספר ממלכתי דתי,תא
5000,תל אביב - יפו,170.0,059,"שלומציון המלכה,65 ",5000,תל אביב - יפו,803,שלומציון המלכה,65,"בי""ס מירון",בית ספר ממלכתי דתי,תא
5000,תל אביב - יפו,171.0,059,"שלומציון המלכה,65 ",5000,תל אביב - יפו,803,שלומציון המלכה,65,"בי""ס מירון",בית ספר ממלכתי דתי,תא
5000,תל אביב - יפו,172.0,016,"אנדרסן,22 ",5000,תל אביב - יפו,175,אנדרסן,22,"בי""ס ניצנים",בית ספר ממלכתי,תא
5000,תל אביב - יפו,173.0,050,"שטריקר,19 ",5000,תל אביב - יפו,817,שטריקר,19,"בי""ס תיכון י""א",בית ספר תיכון עירוני,תא
5000,תל אביב - יפו,174.0,098,"אנטיגונוס,6 ",5000,תל אביב - יפו,813,אנטיגונוס,6,מרכז טכנולוגי למינהל,מוסד להשכלה גבוהה/מכללה,תא
5000,תל אביב - יפו,175.0,098,"אנטיגונוס,6 ",5000,תל אביב - יפו,813,אנטיגונוס,6,מרכז טכנולוגי למינהל,מוסד להשכלה גבוהה/מכללה,תא
5000,תל אביב - יפו,176.0,050,"שטריקר,19 ",5000,תל אביב - יפו,817,שטריקר,19,"בי""ס תיכון י""א",בית ספר תיכון עירוני,תא
5000,תל אביב - יפו,178.0,050,"שטריקר,19 ",5000,תל אביב - יפו,817,שטריקר,19,"בי""ס תיכון י""א",בית ספר תיכון עירוני,תא
5000,תל אביב - יפו,179.0,079,"ויצמן,74 ",5000,תל אביב - יפו,829,ויצמן,74,"בי""ס תיכון ד",בית ספר תיכון עירוני,תא
5000,תל אביב - יפו,180.0,185,"ועידת קטוביץ,47 ",5000,תל אביב - יפו,821,ועידת קטוביץ,47,"חט""ב עירוני ד' ע""ש אהרן קציר",חטיבת ביניים,תא
5000,תל אביב - יפו,181.0,185,"ועידת קטוביץ,47 ",5000,תל אביב - יפו,821,ועידת קטוביץ,47,"חט""ב עירוני ד' ע""ש אהרן קציר",חטיבת ביניים,תא
5000,תל אביב - יפו,182.0,185,"ועידת קטוביץ,47 ",5000,תל אביב - יפו,821,ועידת קטוביץ,47,"חט""ב עירוני ד' ע""ש אהרן קציר",חטיבת ביניים,תא
5000,תל אביב - יפו,183.0,115,"אונקלוס,8 ",5000,תל אביב - יפו,808,אונקלוס,8,"בי""ס בבלי ירושלמי המאוחד",בית ספר ממלכתי,תא
5000,תל אביב - יפו,184.0,115,"אונקלוס,8 ",5000,תל אביב - יפו,808,אונקלוס,8,"בי""ס בבלי ירושלמי המאוחד",בית ספר ממלכתי,תא
5000,תל אביב - יפו,185.0,115,"אונקלוס,8 ",5000,תל אביב - יפו,808,אונקלוס,8,"בי""ס בבלי ירושלמי המאוחד",בית ספר ממלכתי,תא
5000,תל אביב - יפו,186.0,115,"אונקלוס,8 ",5000,תל אביב - יפו,808,אונקלוס,8,"בי""ס בבלי ירושלמי המאוחד",בית ספר ממלכתי,תא
5000,תל אביב - יפו,187.0,115,"אונקלוס,8 ",5000,תל אביב - יפו,808,אונקלוס,8,"בי""ס בבלי ירושלמי המאוחד",בית ספר ממלכתי,תא
5000,תל אביב - יפו,188.0,115,"אונקלוס,8 ",5000,תל אביב - יפו,808,אונקלוס,8,"בי""ס בבלי ירושלמי המאוחד",בית ספר ממלכתי,תא
5000,תל אביב - יפו,189.0,029,"שטינמן,13 ",5000,תל אביב - יפו,849,שטינמן,13,מתנס בבלי ירושלמי המאוחד,בית ספר ממלכתי,תא
5000,תל אביב - יפו,190.0,029,"שטינמן,13 ",5000,תל אביב - יפו,849,שטינמן,13,מתנס בבלי ירושלמי המאוחד,בית ספר ממלכתי,תא
5000,תל אביב - יפו,191.0,079,"ויצמן,74 ",5000,תל אביב - יפו,829,ויצמן,74,"בי""ס תיכון ד",בית ספר תיכון עירוני,תא
5000,תל אביב - יפו,192.0,115,"אונקלוס,8 ",5000,תל אביב - יפו,808,אונקלוס,8,"בי""ס בבלי ירושלמי המאוחד",בית ספר ממלכתי,תא
5000,תל אביב - יפו,193.0,115,"אונקלוס,8 ",5000,תל אביב - יפו,808,אונקלוס,8,"בי""ס בבלי ירושלמי המאוחד",בית ספר ממלכתי,תא
5000,תל אביב - יפו,194.0,185,"ועידת קטוביץ,47 ",5000,תל אביב - יפו,821,ועידת קטוביץ,47,"חט""ב עירוני ד' ע""ש אהרן קציר",חטיבת ביניים,תא
5000,תל אביב - יפו,195.0,115,"אונקלוס,8 ",5000,תל אביב - יפו,808,אונקלוס,8,"בי""ס בבלי ירושלמי המאוחד",בית ספר ממלכתי,תא
5000,תל אביב - יפו,196.0,115,"אונקלוס,8 ",5000,תל אביב - יפו,808,אונקלוס,8,"בי""ס בבלי ירושלמי המאוחד",בית ספר ממלכתי,תא
5000,תל אביב - יפו,197.0,016,"אנדרסן,22 ",5000,תל אביב - יפו,175,אנדרסן,22,"בי""ס ניצנים",בית ספר ממלכתי,תא
5000,תל אביב - יפו,198.0,010,"מגדל שרשן,17 ",5000,תל אביב - יפו,216,מגדל שרשן,17,בי'ס אלחריזי,בית ספר ממלכתי,תא
5000,תל אביב - יפו,199.0,010,"מגדל שרשן,17 ",5000,תל אביב - יפו,216,מגדל שרשן,17,בי'ס אלחריזי,בית ספר ממלכתי,תא
5000,תל אביב - יפו,201.0,187,"דרך נמיר מרדכי,81 ",5000,תל אביב - יפו,1011,דרך נמיר מרדכי,81,"תיכון חדש ע""ש רבין",בית ספר תיכון עירוני,תא
5000,תל אביב - יפו,202.0,187,"דרך נמיר מרדכי,81 ",5000,תל אביב - יפו,1011,דרך נמיר מרדכי,81,"תיכון חדש ע""ש רבין",בית ספר תיכון עירוני,תא
5000,תל אביב - יפו,203.0,004,"כהנשטם,16 ",5000,תל אביב - יפו,942,כהנשטם,16,"בי""ס אהבת ציון",בית ספר ממלכתי,תא
5000,תל אביב - יפו,204.0,018,"אהבת ציון,22 ",5000,תל אביב - יפו,902,אהבת ציון,22,"בי""ס בית הילד",חינוך מיוחד,תא
5000,תל אביב - יפו,205.0,018,"אהבת ציון,22 ",5000,תל אביב - יפו,902,אהבת ציון,22,"בי""ס בית הילד",חינוך מיוחד,תא
5000,תל אביב - יפו,206.0,004,"כהנשטם,16 ",5000,תל אביב - יפו,942,כהנשטם,16,"בי""ס אהבת ציון",בית ספר ממלכתי,תא
5000,תל אביב - יפו,207.0,004,"כהנשטם,16 ",5000,תל אביב - יפו,942,כהנשטם,16,"בי""ס אהבת ציון",בית ספר ממלכתי,תא
5000,תל אביב - יפו,208.0,015,"ז'בוטינסקי,106 ",5000,תל אביב - יפו,456,ז'בוטינסקי,106,גימנסיה הרצליה,בית ספר תיכון עירוני,תא
5000,תל אביב - יפו,209.0,015,"ז'בוטינסקי,106 ",5000,תל אביב - יפו,456,ז'בוטינסקי,106,גימנסיה הרצליה,בית ספר תיכון עירוני,תא
5000,תל אביב - יפו,210.0,015,"ז'בוטינסקי,106 ",5000,תל אביב - יפו,456,ז'בוטינסקי,106,גימנסיה הרצליה,בית ספר תיכון עירוני,תא
5000,תל אביב - יפו,211.0,015,"ז'בוטינסקי,106 ",5000,תל אביב - יפו,456,ז'בוטינסקי,106,גימנסיה הרצליה,בית ספר תיכון עירוני,תא
5000,תל אביב - יפו,212.0,052,"חדרה,2 ",5000,תל אביב - יפו,930,חדרה,2,"בי""ס יסודי התורה",בית ספר ממלכתי דתי,תא
5000,תל אביב - יפו,213.0,052,"חדרה,2 ",5000,תל אביב - יפו,930,חדרה,2,"בי""ס יסודי התורה",בית ספר ממלכתי דתי,תא
5000,תל אביב - יפו,214.0,052,"חדרה,2 ",5000,תל אביב - יפו,930,חדרה,2,"בי""ס יסודי התורה",בית ספר ממלכתי דתי,תא
5000,תל אביב - יפו,215.0,052,"חדרה,2 ",5000,תל אביב - יפו,930,חדרה,2,"בי""ס יסודי התורה",בית ספר ממלכתי דתי,תא
5000,תל אביב - יפו,216.0,187,"דרך נמיר מרדכי,81 ",5000,תל אביב - יפו,1011,דרך נמיר מרדכי,81,"תיכון חדש ע""ש רבין",בית ספר תיכון עירוני,תא
5000,תל אביב - יפו,217.0,187,"דרך נמיר מרדכי,81 ",5000,תל אביב - יפו,1011,דרך נמיר מרדכי,81,"תיכון חדש ע""ש רבין",בית ספר תיכון עירוני,תא
5000,תל אביב - יפו,218.0,052,"חדרה,2 ",5000,תל אביב - יפו,930,חדרה,2,"בי""ס יסודי התורה",בית ספר ממלכתי דתי,תא
5000,תל אביב - יפו,219.0,052,"חדרה,2 ",5000,תל אביב - יפו,930,חדרה,2,"בי""ס יסודי התורה",בית ספר ממלכתי דתי,תא
5000,תל אביב - יפו,220.0,004,"כהנשטם,16 ",5000,תל אביב - יפו,942,כהנשטם,16,"בי""ס אהבת ציון",בית ספר ממלכתי,תא
5000,תל אביב - יפו,221.0,058,"סולד הנרייטה,6 ",5000,תל אביב - יפו,1009,סולד הנרייטה,6,פיקוח עירוני מרחב,אחר,תא
5000,תל אביב - יפו,222.0,052,"חדרה,2 ",5000,תל אביב - יפו,930,חדרה,2,"בי""ס יסודי התורה",בית ספר ממלכתי דתי,תא
5000,תל אביב - יפו,223.0,004,"כהנשטם,16 ",5000,תל אביב - יפו,942,כהנשטם,16,"בי""ס אהבת ציון",בית ספר ממלכתי,תא
5000,תל אביב - יפו,224.0,018,"אהבת ציון,22 ",5000,תל אביב - יפו,902,אהבת ציון,22,"בי""ס בית הילד",חינוך מיוחד,תא
5000,תל אביב - יפו,225.0,015,"ז'בוטינסקי,106 ",5000,תל אביב - יפו,456,ז'בוטינסקי,106,גימנסיה הרצליה,בית ספר תיכון עירוני,תא
5000,תל אביב - יפו,235.0,058,"סולד הנרייטה,6 ",5000,תל אביב - יפו,1009,סולד הנרייטה,6,פיקוח עירוני מרחב,אחר,תא
5000,תל אביב - יפו,236.0,117,"צייטלין,24 ",5000,תל אביב - יפו,1033,צייטלין,24,"בי""ס מוריה",בית ספר ממלכתי דתי,תא
5000,תל אביב - יפו,237.0,058,"סולד הנרייטה,6 ",5000,תל אביב - יפו,1009,סולד הנרייטה,6,פיקוח עירוני מרחב,אחר,תא
5000,תל אביב - יפו,238.0,058,"סולד הנרייטה,6 ",5000,תל אביב - יפו,1009,סולד הנרייטה,6,פיקוח עירוני מרחב,אחר,תא
5000,תל אביב - יפו,239.0,058,"סולד הנרייטה,6 ",5000,תל אביב - יפו,1009,סולד הנרייטה,6,פיקוח עירוני מרחב,אחר,תא
5000,תל אביב - יפו,240.0,117,"צייטלין,24 ",5000,תל אביב - יפו,1033,צייטלין,24,"בי""ס מוריה",בית ספר ממלכתי דתי,תא
5000,תל אביב - יפו,241.0,077,"שפרינצק,4 ",5000,תל אביב - יפו,1537,שפרינצק,4,"בי""ס תיכון א",בית ספר תיכון עירוני,תא
5000,תל אביב - יפו,242.0,078,"צייטלין,22 ",5000,תל אביב - יפו,1033,צייטלין,22,"בי""ס תיכון ב'-ג'",בית ספר תיכון עירוני דתי,תא
5000,תל אביב - יפו,243.0,117,"צייטלין,24 ",5000,תל אביב - יפו,1033,צייטלין,24,"בי""ס מוריה",בית ספר ממלכתי דתי,תא
5000,תל אביב - יפו,244.0,117,"צייטלין,24 ",5000,תל אביב - יפו,1033,צייטלין,24,"בי""ס מוריה",בית ספר ממלכתי דתי,תא
5000,תל אביב - יפו,246.0,120,"מודיליאני,19 ",5000,תל אביב - יפו,1018,מודיליאני,19,"בי""ס היובל",בית ספר ממלכתי,תא
5000,תל אביב - יפו,247.0,120,"מודיליאני,19 ",5000,תל אביב - יפו,1018,מודיליאני,19,"בי""ס היובל",בית ספר ממלכתי,תא
5000,תל אביב - יפו,248.0,120,"מודיליאני,19 ",5000,תל אביב - יפו,1018,מודיליאני,19,"בי""ס היובל",בית ספר ממלכתי,תא
5000,תל אביב - יפו,249.0,117,"צייטלין,24 ",5000,תל אביב - יפו,1033,צייטלין,24,"בי""ס מוריה",בית ספר ממלכתי דתי,תא
5000,תל אביב - יפו,250.0,120,"מודיליאני,19 ",5000,תל אביב - יפו,1018,מודיליאני,19,"בי""ס היובל",בית ספר ממלכתי,תא
5000,תל אביב - יפו,251.0,015,"ז'בוטינסקי,106 ",5000,תל אביב - יפו,456,ז'בוטינסקי,106,גימנסיה הרצליה,בית ספר תיכון עירוני,תא
5000,תל אביב - יפו,252.0,001,"אנטוקולסקי,4 ",5000,תל אביב - יפו,1032,אנטוקולסקי,4,אוניברסיטה עממית,מוסד להשכלה גבוהה/מכללה,תא
5000,תל אביב - יפו,253.0,001,"אנטוקולסקי,4 ",5000,תל אביב - יפו,1032,אנטוקולסקי,4,אוניברסיטה עממית,מוסד להשכלה גבוהה/מכללה,תא
5000,תל אביב - יפו,254.0,120,"מודיליאני,19 ",5000,תל אביב - יפו,1018,מודיליאני,19,"בי""ס היובל",בית ספר ממלכתי,תא
5000,תל אביב - יפו,255.0,001,"אנטוקולסקי,4 ",5000,תל אביב - יפו,1032,אנטוקולסקי,4,אוניברסיטה עממית,מוסד להשכלה גבוהה/מכללה,תא
5000,תל אביב - יפו,256.0,120,"מודיליאני,19 ",5000,תל אביב - יפו,1018,מודיליאני,19,"בי""ס היובל",בית ספר ממלכתי,תא
5000,תל אביב - יפו,257.0,120,"מודיליאני,19 ",5000,תל אביב - יפו,1018,מודיליאני,19,"בי""ס היובל",בית ספר ממלכתי,תא
5000,תל אביב - יפו,277.0,001,"אנטוקולסקי,4 ",5000,תל אביב - יפו,1032,אנטוקולסקי,4,אוניברסיטה עממית,מוסד להשכלה גבוהה/מכללה,תא
5000,תל אביב - יפו,279.0,001,"אנטוקולסקי,4 ",5000,תל אביב - יפו,1032,אנטוקולסקי,4,אוניברסיטה עממית,מוסד להשכלה גבוהה/מכללה,תא
5000,תל אביב - יפו,280.0,033,"אד""ם הכהן,5 ",5000,תל אביב - יפו,533,"אד""ם הכהן",5,"בי""ס גרץ",בית ספר ממלכתי,תא
5000,תל אביב - יפו,281.0,033,"אד""ם הכהן,5 ",5000,תל אביב - יפו,533,"אד""ם הכהן",5,"בי""ס גרץ",בית ספר ממלכתי,תא
5000,תל אביב - יפו,282.0,001,"אנטוקולסקי,4 ",5000,תל אביב - יפו,1032,אנטוקולסקי,4,אוניברסיטה עממית,מוסד להשכלה גבוהה/מכללה,תא
5000,תל אביב - יפו,283.0,033,"אד""ם הכהן,5 ",5000,תל אביב - יפו,533,"אד""ם הכהן",5,"בי""ס גרץ",בית ספר ממלכתי,תא
5000,תל אביב - יפו,284.0,033,"אד""ם הכהן,5 ",5000,תל אביב - יפו,533,"אד""ם הכהן",5,"בי""ס גרץ",בית ספר ממלכתי,תא
5000,תל אביב - יפו,285.0,015,"ז'בוטינסקי,106 ",5000,תל אביב - יפו,456,ז'בוטינסקי,106,גימנסיה הרצליה,בית ספר תיכון עירוני,תא
5000,תל אביב - יפו,286.0,015,"ז'בוטינסקי,106 ",5000,תל אביב - יפו,456,ז'בוטינסקי,106,גימנסיה הרצליה,בית ספר תיכון עירוני,תא
5000,תל אביב - יפו,287.0,015,"ז'בוטינסקי,106 ",5000,תל אביב - יפו,456,ז'בוטינסקי,106,גימנסיה הרצליה,בית ספר תיכון עירוני,תא
5000,תל אביב - יפו,288.0,033,"אד""ם הכהן,5 ",5000,תל אביב - יפו,533,"אד""ם הכהן",5,"בי""ס גרץ",בית ספר ממלכתי,תא
5000,תל אביב - יפו,289.0,033,"אד""ם הכהן,5 ",5000,תל אביב - יפו,533,"אד""ם הכהן",5,"בי""ס גרץ",בית ספר ממלכתי,תא
5000,תל אביב - יפו,290.0,182,"דיזנגוף,200 ",5000,תל אביב - יפו,404,דיזנגוף,200,בית המהנדס,מוסד מוניציפלי-משרדים,תא
5000,תל אביב - יפו,291.0,032,"הירקון,248 ",5000,תל אביב - יפו,461,הירקון,248,"בי""ס גורדון",בית ספר ממלכתי,תא
5000,תל אביב - יפו,292.0,033,"אד""ם הכהן,5 ",5000,תל אביב - יפו,533,"אד""ם הכהן",5,"בי""ס גרץ",בית ספר ממלכתי,תא
5000,תל אביב - יפו,293.0,033,"אד""ם הכהן,5 ",5000,תל אביב - יפו,533,"אד""ם הכהן",5,"בי""ס גרץ",בית ספר ממלכתי,תא
5000,תל אביב - יפו,294.0,033,"אד""ם הכהן,5 ",5000,תל אביב - יפו,533,"אד""ם הכהן",5,"בי""ס גרץ",בית ספר ממלכתי,תא
5000,תל אביב - יפו,295.0,182,"דיזנגוף,200 ",5000,תל אביב - יפו,404,דיזנגוף,200,בית המהנדס,מוסד מוניציפלי-משרדים,תא
5000,תל אביב - יפו,296.0,182,"דיזנגוף,200 ",5000,תל אביב - יפו,404,דיזנגוף,200,בית המהנדס,מוסד מוניציפלי-משרדים,תא
5000,תל אביב - יפו,297.0,032,"הירקון,248 ",5000,תל אביב - יפו,461,הירקון,248,"בי""ס גורדון",בית ספר ממלכתי,תא
5000,תל אביב - יפו,298.0,082,"בן יהודה,193 ",5000,תל אביב - יפו,510,בן יהודה,193,"סניף בי""ס תיכון ה'",בית ספר תיכון עירוני,תא
5000,תל אביב - יפו,299.0,082,"בן יהודה,193 ",5000,תל אביב - יפו,510,בן יהודה,193,"סניף בי""ס תיכון ה'",בית ספר תיכון עירוני,תא
5000,תל אביב - יפו,300.0,082,"בן יהודה,193 ",5000,תל אביב - יפו,510,בן יהודה,193,"סניף בי""ס תיכון ה'",בית ספר תיכון עירוני,תא
5000,תל אביב - יפו,301.0,181,"לסל,7 ",5000,תל אביב - יפו,538,לסל,7,מרכז גולדשטיין-גורן,בית תרבות/מועדון,תא
5000,תל אביב - יפו,302.0,181,"לסל,7 ",5000,תל אביב - יפו,538,לסל,7,מרכז גולדשטיין-גורן,בית תרבות/מועדון,תא
5000,תל אביב - יפו,303.0,033,"אד""ם הכהן,5 ",5000,תל אביב - יפו,533,"אד""ם הכהן",5,"בי""ס גרץ",בית ספר ממלכתי,תא
5000,תל אביב - יפו,304.0,033,"אד""ם הכהן,5 ",5000,תל אביב - יפו,533,"אד""ם הכהן",5,"בי""ס גרץ",בית ספר ממלכתי,תא
5000,תל אביב - יפו,310.0,162,"גרונימן,11 ",5000,תל אביב - יפו,117,גרונימן,11,"בי""ס אילנות",בית ספר ממלכתי,תא
5000,תל אביב - יפו,323.0,032,"הירקון,248 ",5000,תל אביב - יפו,461,הירקון,248,"בי""ס גורדון",בית ספר ממלכתי,תא
5000,תל אביב - יפו,324.0,181,"לסל,7 ",5000,תל אביב - יפו,538,לסל,7,מרכז גולדשטיין-גורן,בית תרבות/מועדון,תא
5000,תל אביב - יפו,325.0,181,"לסל,7 ",5000,תל אביב - יפו,538,לסל,7,מרכז גולדשטיין-גורן,בית תרבות/מועדון,תא
5000,תל אביב - יפו,326.0,181,"לסל,7 ",5000,תל אביב - יפו,538,לסל,7,מרכז גולדשטיין-גורן,בית תרבות/מועדון,תא
5000,תל אביב - יפו,327.0,097,"אד""ם הכהן,5 ",5000,תל אביב - יפו,533,"אד""ם הכהן",5,"בי""ס גרץ - אולם ההתעמלות",מוסד מוניציפלי-משרדים,תא
5000,תל אביב - יפו,328.0,182,"דיזנגוף,200 ",5000,תל אביב - יפו,404,דיזנגוף,200,בית המהנדס,מוסד מוניציפלי-משרדים,תא
5000,תל אביב - יפו,329.0,182,"דיזנגוף,200 ",5000,תל אביב - יפו,404,דיזנגוף,200,בית המהנדס,מוסד מוניציפלי-משרדים,תא
5000,תל אביב - יפו,330.0,087,"מנדלי מוכר ספרים,19 ",5000,תל אביב - יפו,617,מנדלי מוכר ספרים,19,"בי""ס תל נורדאו",בית ספר ממלכתי,תא
5000,תל אביב - יפו,331.0,087,"מנדלי מוכר ספרים,19 ",5000,תל אביב - יפו,617,מנדלי מוכר ספרים,19,"בי""ס תל נורדאו",בית ספר ממלכתי,תא
5000,תל אביב - יפו,333.0,087,"מנדלי מוכר ספרים,19 ",5000,תל אביב - יפו,617,מנדלי מוכר ספרים,19,"בי""ס תל נורדאו",בית ספר ממלכתי,תא
5000,תל אביב - יפו,334.0,087,"מנדלי מוכר ספרים,19 ",5000,תל אביב - יפו,617,מנדלי מוכר ספרים,19,"בי""ס תל נורדאו",בית ספר ממלכתי,תא
5000,תל אביב - יפו,335.0,087,"מנדלי מוכר ספרים,19 ",5000,תל אביב - יפו,617,מנדלי מוכר ספרים,19,"בי""ס תל נורדאו",בית ספר ממלכתי,תא
5000,תל אביב - יפו,336.0,087,"מנדלי מוכר ספרים,19 ",5000,תל אביב - יפו,617,מנדלי מוכר ספרים,19,"בי""ס תל נורדאו",בית ספר ממלכתי,תא
5000,תל אביב - יפו,337.0,087,"מנדלי מוכר ספרים,19 ",5000,תל אביב - יפו,617,מנדלי מוכר ספרים,19,"בי""ס תל נורדאו",בית ספר ממלכתי,תא
5000,תל אביב - יפו,338.0,087,"מנדלי מוכר ספרים,19 ",5000,תל אביב - יפו,617,מנדלי מוכר ספרים,19,"בי""ס תל נורדאו",בית ספר ממלכתי,תא
5000,תל אביב - יפו,339.0,087,"מנדלי מוכר ספרים,19 ",5000,תל אביב - יפו,617,מנדלי מוכר ספרים,19,"בי""ס תל נורדאו",בית ספר ממלכתי,תא
5000,תל אביב - יפו,340.0,087,"מנדלי מוכר ספרים,19 ",5000,תל אביב - יפו,617,מנדלי מוכר ספרים,19,"בי""ס תל נורדאו",בית ספר ממלכתי,תא
5000,תל אביב - יפו,341.0,087,"מנדלי מוכר ספרים,19 ",5000,תל אביב - יפו,617,מנדלי מוכר ספרים,19,"בי""ס תל נורדאו",בית ספר ממלכתי,תא
5000,תל אביב - יפו,342.0,087,"מנדלי מוכר ספרים,19 ",5000,תל אביב - יפו,617,מנדלי מוכר ספרים,19,"בי""ס תל נורדאו",בית ספר ממלכתי,תא
5000,תל אביב - יפו,343.0,087,"מנדלי מוכר ספרים,19 ",5000,תל אביב - יפו,617,מנדלי מוכר ספרים,19,"בי""ס תל נורדאו",בית ספר ממלכתי,תא
5000,תל אביב - יפו,344.0,087,"מנדלי מוכר ספרים,19 ",5000,תל אביב - יפו,617,מנדלי מוכר ספרים,19,"בי""ס תל נורדאו",בית ספר ממלכתי,תא
5000,תל אביב - יפו,345.0,087,"מנדלי מוכר ספרים,19 ",5000,תל אביב - יפו,617,מנדלי מוכר ספרים,19,"בי""ס תל נורדאו",בית ספר ממלכתי,תא
5000,תל אביב - יפו,364.0,097,"אד""ם הכהן,5 ",5000,תל אביב - יפו,533,"אד""ם הכהן",5,"בי""ס גרץ - אולם ההתעמלות",מוסד מוניציפלי-משרדים,תא
5000,תל אביב - יפו,365.0,097,"אד""ם הכהן,5 ",5000,תל אביב - יפו,533,"אד""ם הכהן",5,"בי""ס גרץ - אולם ההתעמלות",מוסד מוניציפלי-משרדים,תא
5000,תל אביב - יפו,367.0,097,"אד""ם הכהן,5 ",5000,תל אביב - יפו,533,"אד""ם הכהן",5,"בי""ס גרץ - אולם ההתעמלות",מוסד מוניציפלי-משרדים,תא
5000,תל אביב - יפו,368.0,097,"אד""ם הכהן,5 ",5000,תל אביב - יפו,533,"אד""ם הכהן",5,"בי""ס גרץ - אולם ההתעמלות",מוסד מוניציפלי-משרדים,תא
5000,תל אביב - יפו,369.0,097,"אד""ם הכהן,5 ",5000,תל אביב - יפו,533,"אד""ם הכהן",5,"בי""ס גרץ - אולם ההתעמלות",מוסד מוניציפלי-משרדים,תא
5000,תל אביב - יפו,370.0,096,"אבן גבירול,71 ",5000,תל אביב - יפו,1040,אבן גבירול,71,גן העיר - מרכז עינב,מוסד מוניציפלי-משרדים,תא
5000,תל אביב - יפו,371.0,096,"אבן גבירול,71 ",5000,תל אביב - יפו,1040,אבן גבירול,71,גן העיר - מרכז עינב,מוסד מוניציפלי-משרדים,תא
5000,תל אביב - יפו,372.0,078,"צייטלין,22 ",5000,תל אביב - יפו,1033,צייטלין,22,"בי""ס תיכון ב'-ג'",בית ספר תיכון עירוני דתי,תא
5000,תל אביב - יפו,373.0,096,"אבן גבירול,71 ",5000,תל אביב - יפו,1040,אבן גבירול,71,גן העיר - מרכז עינב,מוסד מוניציפלי-משרדים,תא
5000,תל אביב - יפו,374.0,030,"שפירא צבי,21 ",5000,תל אביב - יפו,747,שפירא צבי,21,"בי""ס גבריאלי",בית ספר ממלכתי,תא
5000,תל אביב - יפו,375.0,087,"מנדלי מוכר ספרים,19 ",5000,תל אביב - יפו,617,מנדלי מוכר ספרים,19,"בי""ס תל נורדאו",בית ספר ממלכתי,תא
5000,תל אביב - יפו,376.0,087,"מנדלי מוכר ספרים,19 ",5000,תל אביב - יפו,617,מנדלי מוכר ספרים,19,"בי""ס תל נורדאו",בית ספר ממלכתי,תא
5000,תל אביב - יפו,378.0,030,"שפירא צבי,21 ",5000,תל אביב - יפו,747,שפירא צבי,21,"בי""ס גבריאלי",בית ספר ממלכתי,תא
5000,תל אביב - יפו,379.0,049,"טשרניחובסקי,22 ",5000,תל אביב - יפו,1140,טשרניחובסקי,22,מרכז פדגוגי עירוני,מוסד מוניציפלי-משרדים,תא
5000,תל אביב - יפו,380.0,049,"טשרניחובסקי,22 ",5000,תל אביב - יפו,1140,טשרניחובסקי,22,מרכז פדגוגי עירוני,מוסד מוניציפלי-משרדים,תא
5000,תל אביב - יפו,382.0,030,"שפירא צבי,21 ",5000,תל אביב - יפו,747,שפירא צבי,21,"בי""ס גבריאלי",בית ספר ממלכתי,תא
5000,תל אביב - יפו,383.0,030,"שפירא צבי,21 ",5000,תל אביב - יפו,747,שפירא צבי,21,"בי""ס גבריאלי",בית ספר ממלכתי,תא
5000,תל אביב - יפו,384.0,030,"שפירא צבי,21 ",5000,תל אביב - יפו,747,שפירא צבי,21,"בי""ס גבריאלי",בית ספר ממלכתי,תא
5000,תל אביב - יפו,386.0,096,"אבן גבירול,71 ",5000,תל אביב - יפו,1040,אבן גבירול,71,גן העיר - מרכז עינב,מוסד מוניציפלי-משרדים,תא
5000,תל אביב - יפו,387.0,096,"אבן גבירול,71 ",5000,תל אביב - יפו,1040,אבן גבירול,71,גן העיר - מרכז עינב,מוסד מוניציפלי-משרדים,תא
5000,תל אביב - יפו,388.0,078,"צייטלין,22 ",5000,תל אביב - יפו,1033,צייטלין,22,"בי""ס תיכון ב'-ג'",בית ספר תיכון עירוני דתי,תא
5000,תל אביב - יפו,390.0,077,"שפרינצק,4 ",5000,תל אביב - יפו,1537,שפרינצק,4,"בי""ס תיכון א",בית ספר תיכון עירוני,תא
5000,תל אביב - יפו,391.0,078,"צייטלין,22 ",5000,תל אביב - יפו,1033,צייטלין,22,"בי""ס תיכון ב'-ג'",בית ספר תיכון עירוני דתי,תא
5000,תל אביב - יפו,392.0,030,"שפירא צבי,21 ",5000,תל אביב - יפו,747,שפירא צבי,21,"בי""ס גבריאלי",בית ספר ממלכתי,תא
5000,תל אביב - יפו,393.0,030,"שפירא צבי,21 ",5000,תל אביב - יפו,747,שפירא צבי,21,"בי""ס גבריאלי",בית ספר ממלכתי,תא
5000,תל אביב - יפו,394.0,030,"שפירא צבי,21 ",5000,תל אביב - יפו,747,שפירא צבי,21,"בי""ס גבריאלי",בית ספר ממלכתי,תא
5000,תל אביב - יפו,395.0,030,"שפירא צבי,21 ",5000,תל אביב - יפו,747,שפירא צבי,21,"בי""ס גבריאלי",בית ספר ממלכתי,תא
5000,תל אביב - יפו,396.0,077,"שפרינצק,4 ",5000,תל אביב - יפו,1537,שפרינצק,4,"בי""ס תיכון א",בית ספר תיכון עירוני,תא
5000,תל אביב - יפו,397.0,077,"שפרינצק,4 ",5000,תל אביב - יפו,1537,שפרינצק,4,"בי""ס תיכון א",בית ספר תיכון עירוני,תא
5000,תל אביב - יפו,398.0,030,"שפירא צבי,21 ",5000,תל אביב - יפו,747,שפירא צבי,21,"בי""ס גבריאלי",בית ספר ממלכתי,תא
5000,תל אביב - יפו,400.0,077,"שפרינצק,4 ",5000,תל אביב - יפו,1537,שפרינצק,4,"בי""ס תיכון א",בית ספר תיכון עירוני,תא
5000,תל אביב - יפו,401.0,077,"שפרינצק,4 ",5000,תל אביב - יפו,1537,שפרינצק,4,"בי""ס תיכון א",בית ספר תיכון עירוני,תא
5000,תל אביב - יפו,426.0,077,"שפרינצק,4 ",5000,תל אביב - יפו,1537,שפרינצק,4,"בי""ס תיכון א",בית ספר תיכון עירוני,תא
5000,תל אביב - יפו,427.0,099,"שד רוטשילד,124 ",5000,תל אביב - יפו,1103,שד רוטשילד,124,ישיבת בר אילן,בית ספר תיכון עירוני דתי,תא
5000,תל אביב - יפו,428.0,099,"שד רוטשילד,124 ",5000,תל אביב - יפו,1103,שד רוטשילד,124,ישיבת בר אילן,בית ספר תיכון עירוני דתי,תא
5000,תל אביב - יפו,429.0,099,"שד רוטשילד,124 ",5000,תל אביב - יפו,1103,שד רוטשילד,124,ישיבת בר אילן,בית ספר תיכון עירוני דתי,תא
5000,תל אביב - יפו,430.0,099,"שד רוטשילד,124 ",5000,תל אביב - יפו,1103,שד רוטשילד,124,ישיבת בר אילן,בית ספר תיכון עירוני דתי,תא
5000,תל אביב - יפו,431.0,090,"בלפור,12 ",5000,תל אביב - יפו,1264,בלפור,12,"בי""ס בלפור",בית ספר ממלכתי,תא
5000,תל אביב - יפו,432.0,045,"רש""י,48 ",5000,תל אביב - יפו,1116,"רש""י",48,מרכז יום לגיל הזהב,מועדון קשישים,תא
5000,תל אביב - יפו,433.0,090,"בלפור,12 ",5000,תל אביב - יפו,1264,בלפור,12,"בי""ס בלפור",בית ספר ממלכתי,תא
5000,תל אביב - יפו,434.0,090,"בלפור,12 ",5000,תל אביב - יפו,1264,בלפור,12,"בי""ס בלפור",בית ספר ממלכתי,תא
5000,תל אביב - יפו,435.0,192,"מרכז בעלי מלאכה,16 ",5000,תל אביב - יפו,1112,מרכז בעלי מלאכה,16,"מרכז קהילתי לב ת""א בית תמי",מרכז קהילתי,תא
5000,תל אביב - יפו,436.0,192,"מרכז בעלי מלאכה,16 ",5000,תל אביב - יפו,1112,מרכז בעלי מלאכה,16,"מרכז קהילתי לב ת""א בית תמי",מרכז קהילתי,תא
5000,תל אביב - יפו,437.0,192,"מרכז בעלי מלאכה,16 ",5000,תל אביב - יפו,1112,מרכז בעלי מלאכה,16,"מרכז קהילתי לב ת""א בית תמי",מרכז קהילתי,תא
5000,תל אביב - יפו,439.0,099,"שד רוטשילד,124 ",5000,תל אביב - יפו,1103,שד רוטשילד,124,ישיבת בר אילן,בית ספר תיכון עירוני דתי,תא
5000,תל אביב - יפו,440.0,099,"שד רוטשילד,124 ",5000,תל אביב - יפו,1103,שד רוטשילד,124,ישיבת בר אילן,בית ספר תיכון עירוני דתי,תא
5000,תל אביב - יפו,441.0,099,"שד רוטשילד,124 ",5000,תל אביב - יפו,1103,שד רוטשילד,124,ישיבת בר אילן,בית ספר תיכון עירוני דתי,תא
5000,תל אביב - יפו,442.0,045,"רש""י,48 ",5000,תל אביב - יפו,1116,"רש""י",48,מרכז יום לגיל הזהב,מועדון קשישים,תא
5000,תל אביב - יפו,443.0,049,"טשרניחובסקי,22 ",5000,תל אביב - יפו,1140,טשרניחובסקי,22,מרכז פדגוגי עירוני,מוסד מוניציפלי-משרדים,תא
5000,תל אביב - יפו,444.0,045,"רש""י,48 ",5000,תל אביב - יפו,1116,"רש""י",48,מרכז יום לגיל הזהב,מועדון קשישים,תא
5000,תל אביב - יפו,445.0,045,"רש""י,48 ",5000,תל אביב - יפו,1116,"רש""י",48,מרכז יום לגיל הזהב,מועדון קשישים,תא
5000,תל אביב - יפו,446.0,045,"רש""י,48 ",5000,תל אביב - יפו,1116,"רש""י",48,מרכז יום לגיל הזהב,מועדון קשישים,תא
5000,תל אביב - יפו,447.0,002,"גאולה,30 ",5000,תל אביב - יפו,1203,גאולה,30,אורט ד (גאולה לשעבר),בית ספר תיכון עירוני,תא
5000,תל אביב - יפו,448.0,222,"אידלסון אברהם,30 ",5000,תל אביב - יפו,1138,אידלסון אברהם,30,פיקוח העירוני-הנהלה,,תא
5000,תל אביב - יפו,449.0,222,"אידלסון אברהם,30 ",5000,תל אביב - יפו,1138,אידלסון אברהם,30,פיקוח העירוני-הנהלה,,תא
5000,תל אביב - יפו,451.0,089,"סירקין,3 ",5000,תל אביב - יפו,620,סירקין,3,"בי""ס אנקורי",בית ספר פרטי,תא
5000,תל אביב - יפו,452.0,087,"מנדלי מוכר ספרים,19 ",5000,תל אביב - יפו,617,מנדלי מוכר ספרים,19,"בי""ס תל נורדאו",בית ספר ממלכתי,תא
5000,תל אביב - יפו,453.0,089,"סירקין,3 ",5000,תל אביב - יפו,620,סירקין,3,"בי""ס אנקורי",בית ספר פרטי,תא
5000,תל אביב - יפו,454.0,089,"סירקין,3 ",5000,תל אביב - יפו,620,סירקין,3,"בי""ס אנקורי",בית ספר פרטי,תא
5000,תל אביב - יפו,455.0,089,"סירקין,3 ",5000,תל אביב - יפו,620,סירקין,3,"בי""ס אנקורי",בית ספר פרטי,תא
5000,תל אביב - יפו,456.0,089,"סירקין,3 ",5000,תל אביב - יפו,620,סירקין,3,"בי""ס אנקורי",בית ספר פרטי,תא
5000,תל אביב - יפו,457.0,222,"אידלסון אברהם,30 ",5000,תל אביב - יפו,1138,אידלסון אברהם,30,פיקוח העירוני-הנהלה,,תא
5000,תל אביב - יפו,458.0,049,"טשרניחובסקי,22 ",5000,תל אביב - יפו,1140,טשרניחובסקי,22,מרכז פדגוגי עירוני,מוסד מוניציפלי-משרדים,תא
5000,תל אביב - יפו,472.0,090,"בלפור,12 ",5000,תל אביב - יפו,1264,בלפור,12,"בי""ס בלפור",בית ספר ממלכתי,תא
5000,תל אביב - יפו,473.0,094,"מזא""ה,34 ",5000,תל אביב - יפו,1265,"מזא""ה",34,"מועדון מע""ן",מוסד מוניציפלי-משרדים,תא
5000,תל אביב - יפו,474.0,090,"בלפור,12 ",5000,תל אביב - יפו,1264,בלפור,12,"בי""ס בלפור",בית ספר ממלכתי,תא
5000,תל אביב - יפו,475.0,094,"מזא""ה,34 ",5000,תל אביב - יפו,1265,"מזא""ה",34,"מועדון מע""ן",מוסד מוניציפלי-משרדים,תא
5000,תל אביב - יפו,476.0,002,"גאולה,30 ",5000,תל אביב - יפו,1203,גאולה,30,אורט ד (גאולה לשעבר),בית ספר תיכון עירוני,תא
5000,תל אביב - יפו,477.0,002,"גאולה,30 ",5000,תל אביב - יפו,1203,גאולה,30,אורט ד (גאולה לשעבר),בית ספר תיכון עירוני,תא
5000,תל אביב - יפו,478.0,002,"גאולה,30 ",5000,תל אביב - יפו,1203,גאולה,30,אורט ד (גאולה לשעבר),בית ספר תיכון עירוני,תא
5000,תל אביב - יפו,480.0,002,"גאולה,30 ",5000,תל אביב - יפו,1203,גאולה,30,אורט ד (גאולה לשעבר),בית ספר תיכון עירוני,תא
5000,תל אביב - יפו,481.0,024,"אלחנן יצחק,2 ",5000,תל אביב - יפו,1319,אלחנן יצחק,2,סמינר בית יעקב,בית ספר תיכון עירוני דתי,תא
5000,תל אביב - יפו,482.0,024,"אלחנן יצחק,2 ",5000,תל אביב - יפו,1319,אלחנן יצחק,2,סמינר בית יעקב,בית ספר תיכון עירוני דתי,תא
5000,תל אביב - יפו,483.0,190,"האר""י,10 ",5000,תל אביב - יפו,1205,"האר""י",10,מועדון לקשיש- הכרם,מועדון קשישים,תא
5000,תל אביב - יפו,487.0,190,"האר""י,10 ",5000,תל אביב - יפו,1205,"האר""י",10,מועדון לקשיש- הכרם,מועדון קשישים,תא
5000,תל אביב - יפו,488.0,190,"האר""י,10 ",5000,תל אביב - יפו,1205,"האר""י",10,מועדון לקשיש- הכרם,מועדון קשישים,תא
5000,תל אביב - יפו,491.0,024,"אלחנן יצחק,2 ",5000,תל אביב - יפו,1319,אלחנן יצחק,2,סמינר בית יעקב,בית ספר תיכון עירוני דתי,תא
5000,תל אביב - יפו,492.0,024,"אלחנן יצחק,2 ",5000,תל אביב - יפו,1319,אלחנן יצחק,2,סמינר בית יעקב,בית ספר תיכון עירוני דתי,תא
5000,תל אביב - יפו,494.0,060,"יפה בצלאל,8 ",5000,תל אביב - יפו,1267,יפה בצלאל,8,"בי""ס בית יעקב ב",בית ספר ממלכתי דתי,תא
5000,תל אביב - יפו,495.0,060,"יפה בצלאל,8 ",5000,תל אביב - יפו,1267,יפה בצלאל,8,"בי""ס בית יעקב ב",בית ספר ממלכתי דתי,תא
5000,תל אביב - יפו,496.0,094,"מזא""ה,34 ",5000,תל אביב - יפו,1265,"מזא""ה",34,"מועדון מע""ן",מוסד מוניציפלי-משרדים,תא
5000,תל אביב - יפו,497.0,060,"יפה בצלאל,8 ",5000,תל אביב - יפו,1267,יפה בצלאל,8,"בי""ס בית יעקב ב",בית ספר ממלכתי דתי,תא
5000,תל אביב - יפו,498.0,090,"בלפור,12 ",5000,תל אביב - יפו,1264,בלפור,12,"בי""ס בלפור",בית ספר ממלכתי,תא
5000,תל אביב - יפו,499.0,090,"בלפור,12 ",5000,תל אביב - יפו,1264,בלפור,12,"בי""ס בלפור",בית ספר ממלכתי,תא
5000,תל אביב - יפו,501.0,094,"מזא""ה,34 ",5000,תל אביב - יפו,1265,"מזא""ה",34,"מועדון מע""ן",מוסד מוניציפלי-משרדים,תא
5000,תל אביב - יפו,502.0,090,"בלפור,12 ",5000,תל אביב - יפו,1264,בלפור,12,"בי""ס בלפור",בית ספר ממלכתי,תא
5000,תל אביב - יפו,503.0,060,"יפה בצלאל,8 ",5000,תל אביב - יפו,1267,יפה בצלאל,8,"בי""ס בית יעקב ב",בית ספר ממלכתי דתי,תא
5000,תל אביב - יפו,504.0,060,"יפה בצלאל,8 ",5000,תל אביב - יפו,1267,יפה בצלאל,8,"בי""ס בית יעקב ב",בית ספר ממלכתי דתי,תא
5000,תל אביב - יפו,506.0,060,"יפה בצלאל,8 ",5000,תל אביב - יפו,1267,יפה בצלאל,8,"בי""ס בית יעקב ב",בית ספר ממלכתי דתי,תא
5000,תל אביב - יפו,507.0,060,"יפה בצלאל,8 ",5000,תל אביב - יפו,1267,יפה בצלאל,8,"בי""ס בית יעקב ב",בית ספר ממלכתי דתי,תא
5000,תל אביב - יפו,508.0,060,"יפה בצלאל,8 ",5000,תל אביב - יפו,1267,יפה בצלאל,8,"בי""ס בית יעקב ב",בית ספר ממלכתי דתי,תא
5000,תל אביב - יפו,509.0,060,"יפה בצלאל,8 ",5000,תל אביב - יפו,1267,יפה בצלאל,8,"בי""ס בית יעקב ב",בית ספר ממלכתי דתי,תא
5000,תל אביב - יפו,529.0,024,"אלחנן יצחק,2 ",5000,תל אביב - יפו,1319,אלחנן יצחק,2,סמינר בית יעקב,בית ספר תיכון עירוני דתי,תא
5000,תל אביב - יפו,533.0,093,"לילינבלום,7 ",5000,תל אביב - יפו,1309,לילינבלום,7,אולפנת בני עקיבא,בית ספר תיכון עירוני דתי,תא
5000,תל אביב - יפו,534.0,093,"לילינבלום,7 ",5000,תל אביב - יפו,1309,לילינבלום,7,אולפנת בני עקיבא,בית ספר תיכון עירוני דתי,תא
5000,תל אביב - יפו,535.0,191,"שבזי,22 ",5000,תל אביב - יפו,1327,שבזי,22,מרכז קהילתי נווה צדק,מרכז קהילתי,תא
5000,תל אביב - יפו,546.0,191,"שבזי,22 ",5000,תל אביב - יפו,1327,שבזי,22,מרכז קהילתי נווה צדק,מרכז קהילתי,תא
5000,תל אביב - יפו,547.0,191,"שבזי,22 ",5000,תל אביב - יפו,1327,שבזי,22,מרכז קהילתי נווה צדק,מרכז קהילתי,תא
5000,תל אביב - יפו,548.0,191,"שבזי,22 ",5000,תל אביב - יפו,1327,שבזי,22,מרכז קהילתי נווה צדק,מרכז קהילתי,תא
5000,תל אביב - יפו,569.0,069,"העליה,49 ",5000,תל אביב - יפו,2216,העליה,49,"בי""ס רוגוזין תיכון עירוני ו",בית ספר תיכון עירוני,תא
5000,תל אביב - יפו,570.0,069,"העליה,49 ",5000,תל אביב - יפו,2216,העליה,49,"בי""ס רוגוזין תיכון עירוני ו",בית ספר תיכון עירוני,תא
5000,תל אביב - יפו,571.0,069,"העליה,49 ",5000,תל אביב - יפו,2216,העליה,49,"בי""ס רוגוזין תיכון עירוני ו",בית ספר תיכון עירוני,תא
5000,תל אביב - יפו,572.0,069,"העליה,49 ",5000,תל אביב - יפו,2216,העליה,49,"בי""ס רוגוזין תיכון עירוני ו",בית ספר תיכון עירוני,תא
5000,תל אביב - יפו,573.0,069,"העליה,49 ",5000,תל אביב - יפו,2216,העליה,49,"בי""ס רוגוזין תיכון עירוני ו",בית ספר תיכון עירוני,תא
5000,תל אביב - יפו,574.0,069,"העליה,49 ",5000,תל אביב - יפו,2216,העליה,49,"בי""ס רוגוזין תיכון עירוני ו",בית ספר תיכון עירוני,תא
5000,תל אביב - יפו,575.0,069,"העליה,49 ",5000,תל אביב - יפו,2216,העליה,49,"בי""ס רוגוזין תיכון עירוני ו",בית ספר תיכון עירוני,תא
5000,תל אביב - יפו,576.0,069,"העליה,49 ",5000,תל אביב - יפו,2216,העליה,49,"בי""ס רוגוזין תיכון עירוני ו",בית ספר תיכון עירוני,תא
5000,תל אביב - יפו,577.0,069,"העליה,49 ",5000,תל אביב - יפו,2216,העליה,49,"בי""ס רוגוזין תיכון עירוני ו",בית ספר תיכון עירוני,תא
5000,תל אביב - יפו,578.0,069,"העליה,49 ",5000,תל אביב - יפו,2216,העליה,49,"בי""ס רוגוזין תיכון עירוני ו",בית ספר תיכון עירוני,תא
5000,תל אביב - יפו,579.0,069,"העליה,49 ",5000,תל אביב - יפו,2216,העליה,49,"בי""ס רוגוזין תיכון עירוני ו",בית ספר תיכון עירוני,תא
5000,תל אביב - יפו,580.0,074,דה מודינה אריה,5000,תל אביב - יפו,2353,דה מודינה אריה,0,"בי""ס שורשים (ויתקין)",בית ספר ממלכתי דתי,תא
5000,תל אביב - יפו,582.0,074,דה מודינה אריה,5000,תל אביב - יפו,2353,דה מודינה אריה,0,"בי""ס שורשים (ויתקין)",בית ספר ממלכתי דתי,תא
5000,תל אביב - יפו,585.0,195,"הצפירה,20 ",5000,תל אביב - יפו,1526,הצפירה,20,"בי""ס שבח מופת",בית ספר תיכון עירוני,תא
5000,תל אביב - יפו,586.0,074,דה מודינה אריה,5000,תל אביב - יפו,2353,דה מודינה אריה,0,"בי""ס שורשים (ויתקין)",בית ספר ממלכתי דתי,תא
5000,תל אביב - יפו,587.0,195,"הצפירה,20 ",5000,תל אביב - יפו,1526,הצפירה,20,"בי""ס שבח מופת",בית ספר תיכון עירוני,תא
5000,תל אביב - יפו,588.0,195,"הצפירה,20 ",5000,תל אביב - יפו,1526,הצפירה,20,"בי""ס שבח מופת",בית ספר תיכון עירוני,תא
5000,תל אביב - יפו,592.0,195,"הצפירה,20 ",5000,תל אביב - יפו,1526,הצפירה,20,"בי""ס שבח מופת",בית ספר תיכון עירוני,תא
5000,תל אביב - יפו,611.0,020,"אוליפנט,11 ",5000,תל אביב - יפו,1508,אוליפנט,11,"בי""ס לאומנויות",בית ספר ממלכתי,תא
5000,תל אביב - יפו,612.0,020,"אוליפנט,11 ",5000,תל אביב - יפו,1508,אוליפנט,11,"בי""ס לאומנויות",בית ספר ממלכתי,תא
5000,תל אביב - יפו,613.0,020,"אוליפנט,11 ",5000,תל אביב - יפו,1508,אוליפנט,11,"בי""ס לאומנויות",בית ספר ממלכתי,תא
5000,תל אביב - יפו,614.0,020,"אוליפנט,11 ",5000,תל אביב - יפו,1508,אוליפנט,11,"בי""ס לאומנויות",בית ספר ממלכתי,תא
5000,תל אביב - יפו,616.0,020,"אוליפנט,11 ",5000,תל אביב - יפו,1508,אוליפנט,11,"בי""ס לאומנויות",בית ספר ממלכתי,תא
5000,תל אביב - יפו,618.0,077,"שפרינצק,4 ",5000,תל אביב - יפו,1537,שפרינצק,4,"בי""ס תיכון א",בית ספר תיכון עירוני,תא
5000,תל אביב - יפו,619.0,077,"שפרינצק,4 ",5000,תל אביב - יפו,1537,שפרינצק,4,"בי""ס תיכון א",בית ספר תיכון עירוני,תא
5000,תל אביב - יפו,620.0,081,"שפע טל,15 ",5000,תל אביב - יפו,1558,שפע טל,15,עירייה-מתחם גבעת התחמושת,מוסד מוניציפלי-משרדים,תא
5000,תל אביב - יפו,622.0,077,"שפרינצק,4 ",5000,תל אביב - יפו,1537,שפרינצק,4,"בי""ס תיכון א",בית ספר תיכון עירוני,תא
5000,תל אביב - יפו,634.0,105,"נחלת יצחק,35 ",5000,תל אביב - יפו,2509,נחלת יצחק,35,"בי""ס איילון",בית ספר ממלכתי,תא
5000,תל אביב - יפו,635.0,105,"נחלת יצחק,35 ",5000,תל אביב - יפו,2509,נחלת יצחק,35,"בי""ס איילון",בית ספר ממלכתי,תא
5000,תל אביב - יפו,636.0,105,"נחלת יצחק,35 ",5000,תל אביב - יפו,2509,נחלת יצחק,35,"בי""ס איילון",בית ספר ממלכתי,תא
5000,תל אביב - יפו,637.0,105,"נחלת יצחק,35 ",5000,תל אביב - יפו,2509,נחלת יצחק,35,"בי""ס איילון",בית ספר ממלכתי,תא
5000,תל אביב - יפו,638.0,105,"נחלת יצחק,35 ",5000,תל אביב - יפו,2509,נחלת יצחק,35,"בי""ס איילון",בית ספר ממלכתי,תא
5000,תל אביב - יפו,639.0,105,"נחלת יצחק,35 ",5000,תל אביב - יפו,2509,נחלת יצחק,35,"בי""ס איילון",בית ספר ממלכתי,תא
5000,תל אביב - יפו,640.0,105,"נחלת יצחק,35 ",5000,תל אביב - יפו,2509,נחלת יצחק,35,"בי""ס איילון",בית ספר ממלכתי,תא
5000,תל אביב - יפו,641.0,105,"נחלת יצחק,35 ",5000,תל אביב - יפו,2509,נחלת יצחק,35,"בי""ס איילון",בית ספר ממלכתי,תא
5000,תל אביב - יפו,642.0,035,"ביצרון,19 ",5000,תל אביב - יפו,2548,ביצרון,19,"בי""ס דוד בלוך",בית ספר ממלכתי,תא
5000,תל אביב - יפו,643.0,105,"נחלת יצחק,35 ",5000,תל אביב - יפו,2509,נחלת יצחק,35,"בי""ס איילון",בית ספר ממלכתי,תא
5000,תל אביב - יפו,644.0,073,"האספרגוס,5 ",5000,תל אביב - יפו,2544,האספרגוס,5,"מתנ""ס רמת ישראל","מתנ""ס/מועדון נוער",תא
5000,תל אביב - יפו,645.0,073,"האספרגוס,5 ",5000,תל אביב - יפו,2544,האספרגוס,5,"מתנ""ס רמת ישראל","מתנ""ס/מועדון נוער",תא
5000,תל אביב - יפו,646.0,073,"האספרגוס,5 ",5000,תל אביב - יפו,2544,האספרגוס,5,"מתנ""ס רמת ישראל","מתנ""ס/מועדון נוער",תא
5000,תל אביב - יפו,647.0,035,"ביצרון,19 ",5000,תל אביב - יפו,2548,ביצרון,19,"בי""ס דוד בלוך",בית ספר ממלכתי,תא
5000,תל אביב - יפו,648.0,035,"ביצרון,19 ",5000,תל אביב - יפו,2548,ביצרון,19,"בי""ס דוד בלוך",בית ספר ממלכתי,תא
5000,תל אביב - יפו,649.0,035,"ביצרון,19 ",5000,תל אביב - יפו,2548,ביצרון,19,"בי""ס דוד בלוך",בית ספר ממלכתי,תא
5000,תל אביב - יפו,650.0,105,"נחלת יצחק,35 ",5000,תל אביב - יפו,2509,נחלת יצחק,35,"בי""ס איילון",בית ספר ממלכתי,תא
5000,תל אביב - יפו,661.0,012,"המערכה,3 ",5000,תל אביב - יפו,2679,המערכה,3,"בי""ס חב""ד",בית ספר ממלכתי דתי,תא
5000,תל אביב - יפו,662.0,114,"ברנפלד שמעון,15 ",5000,תל אביב - יפו,2682,ברנפלד שמעון,15,"בי""ס עציון",בית ספר ממלכתי דתי,תא
5000,תל אביב - יפו,663.0,068,"הצבי,5 ",5000,תל אביב - יפו,2607,הצבי,5,"בי""ס צבי שפירא",בית ספר ממלכתי,תא
5000,תל אביב - יפו,664.0,012,"המערכה,3 ",5000,תל אביב - יפו,2679,המערכה,3,"בי""ס חב""ד",בית ספר ממלכתי דתי,תא
5000,תל אביב - יפו,665.0,114,"ברנפלד שמעון,15 ",5000,תל אביב - יפו,2682,ברנפלד שמעון,15,"בי""ס עציון",בית ספר ממלכתי דתי,תא
5000,תל אביב - יפו,666.0,025,"שד יד לבנים,18 ",5000,תל אביב - יפו,2642,שד יד לבנים,18,"בי""ס גבורי ישראל",בית ספר ממלכתי,תא
5000,תל אביב - יפו,667.0,114,"ברנפלד שמעון,15 ",5000,תל אביב - יפו,2682,ברנפלד שמעון,15,"בי""ס עציון",בית ספר ממלכתי דתי,תא
5000,תל אביב - יפו,668.0,114,"ברנפלד שמעון,15 ",5000,תל אביב - יפו,2682,ברנפלד שמעון,15,"בי""ס עציון",בית ספר ממלכתי דתי,תא
5000,תל אביב - יפו,669.0,114,"ברנפלד שמעון,15 ",5000,תל אביב - יפו,2682,ברנפלד שמעון,15,"בי""ס עציון",בית ספר ממלכתי דתי,תא
5000,תל אביב - יפו,670.0,114,"ברנפלד שמעון,15 ",5000,תל אביב - יפו,2682,ברנפלד שמעון,15,"בי""ס עציון",בית ספר ממלכתי דתי,תא
5000,תל אביב - יפו,671.0,012,"המערכה,3 ",5000,תל אביב - יפו,2679,המערכה,3,"בי""ס חב""ד",בית ספר ממלכתי דתי,תא
5000,תל אביב - יפו,672.0,012,"המערכה,3 ",5000,תל אביב - יפו,2679,המערכה,3,"בי""ס חב""ד",בית ספר ממלכתי דתי,תא
5000,תל אביב - יפו,673.0,025,"שד יד לבנים,18 ",5000,תל אביב - יפו,2642,שד יד לבנים,18,"בי""ס גבורי ישראל",בית ספר ממלכתי,תא
5000,תל אביב - יפו,674.0,025,"שד יד לבנים,18 ",5000,תל אביב - יפו,2642,שד יד לבנים,18,"בי""ס גבורי ישראל",בית ספר ממלכתי,תא
5000,תל אביב - יפו,675.0,025,"שד יד לבנים,18 ",5000,תל אביב - יפו,2642,שד יד לבנים,18,"בי""ס גבורי ישראל",בית ספר ממלכתי,תא
5000,תל אביב - יפו,676.0,012,"המערכה,3 ",5000,תל אביב - יפו,2679,המערכה,3,"בי""ס חב""ד",בית ספר ממלכתי דתי,תא
5000,תל אביב - יפו,677.0,041,"התשעים ושלוש,2 ",5000,תל אביב - יפו,2668,התשעים ושלוש,2,"בי""ס בראשית(החיל)",בית ספר ממלכתי,תא
5000,תל אביב - יפו,678.0,041,"התשעים ושלוש,2 ",5000,תל אביב - יפו,2668,התשעים ושלוש,2,"בי""ס בראשית(החיל)",בית ספר ממלכתי,תא
5000,תל אביב - יפו,679.0,041,"התשעים ושלוש,2 ",5000,תל אביב - יפו,2668,התשעים ושלוש,2,"בי""ס בראשית(החיל)",בית ספר ממלכתי,תא
5000,תל אביב - יפו,680.0,041,"התשעים ושלוש,2 ",5000,תל אביב - יפו,2668,התשעים ושלוש,2,"בי""ס בראשית(החיל)",בית ספר ממלכתי,תא
5000,תל אביב - יפו,681.0,070,"יגור,2 ",5000,תל אביב - יפו,2637,יגור,2,"בי""ס רוקח",בית ספר ממלכתי,תא
5000,תל אביב - יפו,682.0,057,"אלון יגאל,31 ",5000,תל אביב - יפו,2524,אלון יגאל,31,"בי""ס מודיעים",בית ספר ממלכתי דתי,תא
5000,תל אביב - יפו,683.0,057,"אלון יגאל,31 ",5000,תל אביב - יפו,2524,אלון יגאל,31,"בי""ס מודיעים",בית ספר ממלכתי דתי,תא
5000,תל אביב - יפו,684.0,109,"דרך ההגנה,106 ",5000,תל אביב - יפו,2658,דרך ההגנה,106,תלמוד תורה תפארת יוסף,"תלמוד תורה (ת""ת)",תא
5000,תל אביב - יפו,685.0,070,"יגור,2 ",5000,תל אביב - יפו,2637,יגור,2,"בי""ס רוקח",בית ספר ממלכתי,תא
5000,תל אביב - יפו,686.0,070,"יגור,2 ",5000,תל אביב - יפו,2637,יגור,2,"בי""ס רוקח",בית ספר ממלכתי,תא
5000,תל אביב - יפו,687.0,070,"יגור,2 ",5000,תל אביב - יפו,2637,יגור,2,"בי""ס רוקח",בית ספר ממלכתי,תא
5000,תל אביב - יפו,688.0,119,"גבעתי,4 ",5000,תל אביב - יפו,2632,גבעתי,4,"בי""ס הגליל",בית ספר ממלכתי,תא
5000,תל אביב - יפו,689.0,109,"דרך ההגנה,106 ",5000,תל אביב - יפו,2658,דרך ההגנה,106,תלמוד תורה תפארת יוסף,"תלמוד תורה (ת""ת)",תא
5000,תל אביב - יפו,690.0,146,"טשרנא,7 ",5000,תל אביב - יפו,2691,טשרנא,7,קרית חינוך-יד אליהו,בית ספר תיכון עירוני,תא
5000,תל אביב - יפו,691.0,068,"הצבי,5 ",5000,תל אביב - יפו,2607,הצבי,5,"בי""ס צבי שפירא",בית ספר ממלכתי,תא
5000,תל אביב - יפו,692.0,068,"הצבי,5 ",5000,תל אביב - יפו,2607,הצבי,5,"בי""ס צבי שפירא",בית ספר ממלכתי,תא
5000,תל אביב - יפו,693.0,068,"הצבי,5 ",5000,תל אביב - יפו,2607,הצבי,5,"בי""ס צבי שפירא",בית ספר ממלכתי,תא
5000,תל אביב - יפו,694.0,109,"דרך ההגנה,106 ",5000,תל אביב - יפו,2658,דרך ההגנה,106,תלמוד תורה תפארת יוסף,"תלמוד תורה (ת""ת)",תא
5000,תל אביב - יפו,695.0,119,"גבעתי,4 ",5000,תל אביב - יפו,2632,גבעתי,4,"בי""ס הגליל",בית ספר ממלכתי,תא
5000,תל אביב - יפו,697.0,119,"גבעתי,4 ",5000,תל אביב - יפו,2632,גבעתי,4,"בי""ס הגליל",בית ספר ממלכתי,תא
5000,תל אביב - יפו,698.0,041,"התשעים ושלוש,2 ",5000,תל אביב - יפו,2668,התשעים ושלוש,2,"בי""ס בראשית(החיל)",בית ספר ממלכתי,תא
5000,תל אביב - יפו,701.0,044,"סנפיר,20 ",5000,תל אביב - יפו,2961,סנפיר,20,"בי""ס תל חי (סניף)",בית ספר ממלכתי,תא
5000,תל אביב - יפו,702.0,091,"הרב אלנקווה,13 ",5000,תל אביב - יפו,2973,הרב אלנקווה,13,"בי""ס כפיר",בית ספר ממלכתי,תא
5000,תל אביב - יפו,703.0,044,"סנפיר,20 ",5000,תל אביב - יפו,2961,סנפיר,20,"בי""ס תל חי (סניף)",בית ספר ממלכתי,תא
5000,תל אביב - יפו,704.0,022,"לובטקין צביה,35 ",5000,תל אביב - יפו,2981,לובטקין צביה,35,"בי""ס בעל שם טוב",בית ספר ממלכתי דתי,תא
5000,תל אביב - יפו,705.0,044,"סנפיר,20 ",5000,תל אביב - יפו,2961,סנפיר,20,"בי""ס תל חי (סניף)",בית ספר ממלכתי,תא
5000,תל אביב - יפו,706.0,215,"הרב אלנקווה,18 ",5000,תל אביב - יפו,2973,הרב אלנקווה,18,"בי""ס קהילת יעקב","תלמוד תורה (ת""ת)",תא
5000,תל אביב - יפו,707.0,085,"מעפילי אגוז,74 ",5000,תל אביב - יפו,2960,מעפילי אגוז,74,"בי""ס תל חי",בית ספר ממלכתי,תא
5000,תל אביב - יפו,708.0,044,"סנפיר,20 ",5000,תל אביב - יפו,2961,סנפיר,20,"בי""ס תל חי (סניף)",בית ספר ממלכתי,תא
5000,תל אביב - יפו,709.0,022,"לובטקין צביה,35 ",5000,תל אביב - יפו,2981,לובטקין צביה,35,"בי""ס בעל שם טוב",בית ספר ממלכתי דתי,תא
5000,תל אביב - יפו,710.0,091,"הרב אלנקווה,13 ",5000,תל אביב - יפו,2973,הרב אלנקווה,13,"בי""ס כפיר",בית ספר ממלכתי,תא
5000,תל אביב - יפו,711.0,031,"בושם,2 ",5000,תל אביב - יפו,2964,בושם,2,"בי""ס גולומב",בית ספר ממלכתי,תא
5000,תל אביב - יפו,712.0,091,"הרב אלנקווה,13 ",5000,תל אביב - יפו,2973,הרב אלנקווה,13,"בי""ס כפיר",בית ספר ממלכתי,תא
5000,תל אביב - יפו,713.0,091,"הרב אלנקווה,13 ",5000,תל אביב - יפו,2973,הרב אלנקווה,13,"בי""ס כפיר",בית ספר ממלכתי,תא
5000,תל אביב - יפו,714.0,091,"הרב אלנקווה,13 ",5000,תל אביב - יפו,2973,הרב אלנקווה,13,"בי""ס כפיר",בית ספר ממלכתי,תא
5000,תל אביב - יפו,715.0,085,"מעפילי אגוז,74 ",5000,תל אביב - יפו,2960,מעפילי אגוז,74,"בי""ס תל חי",בית ספר ממלכתי,תא
5000,תל אביב - יפו,716.0,044,"סנפיר,20 ",5000,תל אביב - יפו,2961,סנפיר,20,"בי""ס תל חי (סניף)",בית ספר ממלכתי,תא
5000,תל אביב - יפו,717.0,216,"שד ששת הימים,6 ",5000,תל אביב - יפו,2959,שד ששת הימים,6,"מתנ""ס נווה אליעזר","מתנ""ס/מועדון נוער",תא
5000,תל אביב - יפו,718.0,044,"סנפיר,20 ",5000,תל אביב - יפו,2961,סנפיר,20,"בי""ס תל חי (סניף)",בית ספר ממלכתי,תא
5000,תל אביב - יפו,719.0,022,"לובטקין צביה,35 ",5000,תל אביב - יפו,2981,לובטקין צביה,35,"בי""ס בעל שם טוב",בית ספר ממלכתי דתי,תא
5000,תל אביב - יפו,720.0,022,"לובטקין צביה,35 ",5000,תל אביב - יפו,2981,לובטקין צביה,35,"בי""ס בעל שם טוב",בית ספר ממלכתי דתי,תא
5000,תל אביב - יפו,721.0,022,"לובטקין צביה,35 ",5000,תל אביב - יפו,2981,לובטקין צביה,35,"בי""ס בעל שם טוב",בית ספר ממלכתי דתי,תא
5000,תל אביב - יפו,722.0,044,"סנפיר,20 ",5000,תל אביב - יפו,2961,סנפיר,20,"בי""ס תל חי (סניף)",בית ספר ממלכתי,תא
5000,תל אביב - יפו,723.0,044,"סנפיר,20 ",5000,תל אביב - יפו,2961,סנפיר,20,"בי""ס תל חי (סניף)",בית ספר ממלכתי,תא
5000,תל אביב - יפו,724.0,085,"מעפילי אגוז,74 ",5000,תל אביב - יפו,2960,מעפילי אגוז,74,"בי""ס תל חי",בית ספר ממלכתי,תא
5000,תל אביב - יפו,725.0,217,"דרך הטייסים,28 ",5000,תל אביב - יפו,2601,דרך הטייסים,28,"בי""ס אורט יד סינגלובסקי",בית ספר תיכון עירוני,תא
5000,תל אביב - יפו,726.0,022,"לובטקין צביה,35 ",5000,תל אביב - יפו,2981,לובטקין צביה,35,"בי""ס בעל שם טוב",בית ספר ממלכתי דתי,תא
5000,תל אביב - יפו,727.0,216,"שד ששת הימים,6 ",5000,תל אביב - יפו,2959,שד ששת הימים,6,"מתנ""ס נווה אליעזר","מתנ""ס/מועדון נוער",תא
5000,תל אביב - יפו,728.0,085,"מעפילי אגוז,74 ",5000,תל אביב - יפו,2960,מעפילי אגוז,74,"בי""ס תל חי",בית ספר ממלכתי,תא
5000,תל אביב - יפו,729.0,217,"דרך הטייסים,28 ",5000,תל אביב - יפו,2601,דרך הטייסים,28,"בי""ס אורט יד סינגלובסקי",בית ספר תיכון עירוני,תא
5000,תל אביב - יפו,730.0,067,"אורים,41 ",5000,תל אביב - יפו,2834,אורים,41,"בי""ס עמיאל",בית ספר ממלכתי דתי,תא
5000,תל אביב - יפו,731.0,150,"תשרי,4 ",5000,תל אביב - יפו,2822,תשרי,4,"בי""ס בית יעקב  ד",בית ספר ממלכתי דתי,תא
5000,תל אביב - יפו,732.0,031,"בושם,2 ",5000,תל אביב - יפו,2964,בושם,2,"בי""ס גולומב",בית ספר ממלכתי,תא
5000,תל אביב - יפו,733.0,031,"בושם,2 ",5000,תל אביב - יפו,2964,בושם,2,"בי""ס גולומב",בית ספר ממלכתי,תא
5000,תל אביב - יפו,734.0,031,"בושם,2 ",5000,תל אביב - יפו,2964,בושם,2,"בי""ס גולומב",בית ספר ממלכתי,תא
5000,תל אביב - יפו,735.0,067,"אורים,41 ",5000,תל אביב - יפו,2834,אורים,41,"בי""ס עמיאל",בית ספר ממלכתי דתי,תא
5000,תל אביב - יפו,736.0,031,"בושם,2 ",5000,תל אביב - יפו,2964,בושם,2,"בי""ס גולומב",בית ספר ממלכתי,תא
5000,תל אביב - יפו,737.0,119,"גבעתי,4 ",5000,תל אביב - יפו,2632,גבעתי,4,"בי""ס הגליל",בית ספר ממלכתי,תא
5000,תל אביב - יפו,738.0,085,"מעפילי אגוז,74 ",5000,תל אביב - יפו,2960,מעפילי אגוז,74,"בי""ס תל חי",בית ספר ממלכתי,תא
5000,תל אביב - יפו,739.0,043,"מושיע,21 ",5000,תל אביב - יפו,2727,מושיע,21,"בי""ס הירדן",בית ספר ממלכתי,תא
5000,תל אביב - יפו,740.0,043,"מושיע,21 ",5000,תל אביב - יפו,2727,מושיע,21,"בי""ס הירדן",בית ספר ממלכתי,תא
5000,תל אביב - יפו,741.0,119,"גבעתי,4 ",5000,תל אביב - יפו,2632,גבעתי,4,"בי""ס הגליל",בית ספר ממלכתי,תא
5000,תל אביב - יפו,742.0,067,"אורים,41 ",5000,תל אביב - יפו,2834,אורים,41,"בי""ס עמיאל",בית ספר ממלכתי דתי,תא
5000,תל אביב - יפו,743.0,022,"לובטקין צביה,35 ",5000,תל אביב - יפו,2981,לובטקין צביה,35,"בי""ס בעל שם טוב",בית ספר ממלכתי דתי,תא
5000,תל אביב - יפו,744.0,019,"התקוה,78 ",5000,תל אביב - יפו,2778,התקוה,78,אולפן מעלה,בית תרבות/מועדון,תא
5000,תל אביב - יפו,745.0,019,"התקוה,78 ",5000,תל אביב - יפו,2778,התקוה,78,אולפן מעלה,בית תרבות/מועדון,תא
5000,תל אביב - יפו,746.0,044,"סנפיר,20 ",5000,תל אביב - יפו,2961,סנפיר,20,"בי""ס תל חי (סניף)",בית ספר ממלכתי,תא
5000,תל אביב - יפו,747.0,022,"לובטקין צביה,35 ",5000,תל אביב - יפו,2981,לובטקין צביה,35,"בי""ס בעל שם טוב",בית ספר ממלכתי דתי,תא
5000,תל אביב - יפו,748.0,109,"דרך ההגנה,106 ",5000,תל אביב - יפו,2658,דרך ההגנה,106,תלמוד תורה תפארת יוסף,"תלמוד תורה (ת""ת)",תא
5000,תל אביב - יפו,749.0,043,"מושיע,21 ",5000,תל אביב - יפו,2727,מושיע,21,"בי""ס הירדן",בית ספר ממלכתי,תא
5000,תל אביב - יפו,750.0,216,"שד ששת הימים,6 ",5000,תל אביב - יפו,2959,שד ששת הימים,6,"מתנ""ס נווה אליעזר","מתנ""ס/מועדון נוער",תא
5000,תל אביב - יפו,751.0,085,"מעפילי אגוז,74 ",5000,תל אביב - יפו,2960,מעפילי אגוז,74,"בי""ס תל חי",בית ספר ממלכתי,תא
5000,תל אביב - יפו,752.0,109,"דרך ההגנה,106 ",5000,תל אביב - יפו,2658,דרך ההגנה,106,תלמוד תורה תפארת יוסף,"תלמוד תורה (ת""ת)",תא
5000,תל אביב - יפו,753.0,019,"התקוה,78 ",5000,תל אביב - יפו,2778,התקוה,78,אולפן מעלה,בית תרבות/מועדון,תא
5000,תל אביב - יפו,754.0,043,"מושיע,21 ",5000,תל אביב - יפו,2727,מושיע,21,"בי""ס הירדן",בית ספר ממלכתי,תא
5000,תל אביב - יפו,755.0,019,"התקוה,78 ",5000,תל אביב - יפו,2778,התקוה,78,אולפן מעלה,בית תרבות/מועדון,תא
5000,תל אביב - יפו,756.0,043,"מושיע,21 ",5000,תל אביב - יפו,2727,מושיע,21,"בי""ס הירדן",בית ספר ממלכתי,תא
5000,תל אביב - יפו,757.0,019,"התקוה,78 ",5000,תל אביב - יפו,2778,התקוה,78,אולפן מעלה,בית תרבות/מועדון,תא
5000,תל אביב - יפו,758.0,022,"לובטקין צביה,35 ",5000,תל אביב - יפו,2981,לובטקין צביה,35,"בי""ס בעל שם טוב",בית ספר ממלכתי דתי,תא
5000,תל אביב - יפו,759.0,216,"שד ששת הימים,6 ",5000,תל אביב - יפו,2959,שד ששת הימים,6,"מתנ""ס נווה אליעזר","מתנ""ס/מועדון נוער",תא
5000,תל אביב - יפו,760.0,031,"בושם,2 ",5000,תל אביב - יפו,2964,בושם,2,"בי""ס גולומב",בית ספר ממלכתי,תא
5000,תל אביב - יפו,761.0,031,"בושם,2 ",5000,תל אביב - יפו,2964,בושם,2,"בי""ס גולומב",בית ספר ממלכתי,תא
5000,תל אביב - יפו,762.0,031,"בושם,2 ",5000,תל אביב - יפו,2964,בושם,2,"בי""ס גולומב",בית ספר ממלכתי,תא
5000,תל אביב - יפו,763.0,067,"אורים,41 ",5000,תל אביב - יפו,2834,אורים,41,"בי""ס עמיאל",בית ספר ממלכתי דתי,תא
5000,תל אביב - יפו,764.0,019,"התקוה,78 ",5000,תל אביב - יפו,2778,התקוה,78,אולפן מעלה,בית תרבות/מועדון,תא
5000,תל אביב - יפו,765.0,217,"דרך הטייסים,28 ",5000,תל אביב - יפו,2601,דרך הטייסים,28,"בי""ס אורט יד סינגלובסקי",בית ספר תיכון עירוני,תא
5000,תל אביב - יפו,766.0,019,"התקוה,78 ",5000,תל אביב - יפו,2778,התקוה,78,אולפן מעלה,בית תרבות/מועדון,תא
5000,תל אביב - יפו,772.0,026,"הקרן,6 ",5000,תל אביב - יפו,2417,הקרן,6,"בי""ס נופים",בית ספר ממלכתי,תא
5000,תל אביב - יפו,773.0,021,"ישראל מסלנט,42 ",5000,תל אביב - יפו,2306,ישראל מסלנט,42,"בי""ס בית יעקב ה",בית ספר ממלכתי דתי,תא
5000,תל אביב - יפו,774.0,021,"ישראל מסלנט,42 ",5000,תל אביב - יפו,2306,ישראל מסלנט,42,"בי""ס בית יעקב ה",בית ספר ממלכתי דתי,תא
5000,תל אביב - יפו,775.0,021,"ישראל מסלנט,42 ",5000,תל אביב - יפו,2306,ישראל מסלנט,42,"בי""ס בית יעקב ה",בית ספר ממלכתי דתי,תא
5000,תל אביב - יפו,776.0,026,"הקרן,6 ",5000,תל אביב - יפו,2417,הקרן,6,"בי""ס נופים",בית ספר ממלכתי,תא
5000,תל אביב - יפו,777.0,092,"קפלנסקי,2 ",5000,תל אביב - יפו,2430,קפלנסקי,2,"בי""ס דיזינגוף(דוד רמז)",בית ספר ממלכתי,תא
5000,תל אביב - יפו,778.0,092,"קפלנסקי,2 ",5000,תל אביב - יפו,2430,קפלנסקי,2,"בי""ס דיזינגוף(דוד רמז)",בית ספר ממלכתי,תא
5000,תל אביב - יפו,780.0,211,"הקשת,6א",5000,תל אביב - יפו,2408,הקשת,6,מרכז לקשיש -בית עמיעז,מועדון קשישים,תא
5000,תל אביב - יפו,781.0,211,"הקשת,6א",5000,תל אביב - יפו,2408,הקשת,6,מרכז לקשיש -בית עמיעז,מועדון קשישים,תא
5000,תל אביב - יפו,782.0,026,"הקרן,6 ",5000,תל אביב - יפו,2417,הקרן,6,"בי""ס נופים",בית ספר ממלכתי,תא
5000,תל אביב - יפו,783.0,092,"קפלנסקי,2 ",5000,תל אביב - יפו,2430,קפלנסקי,2,"בי""ס דיזינגוף(דוד רמז)",בית ספר ממלכתי,תא
5000,תל אביב - יפו,784.0,095,"ישראל מסלנט,27 ",5000,תל אביב - יפו,2306,ישראל מסלנט,27,מועדון נוער שפירא,"מתנ""ס/מועדון נוער",תא
5000,תל אביב - יפו,785.0,026,"הקרן,6 ",5000,תל אביב - יפו,2417,הקרן,6,"בי""ס נופים",בית ספר ממלכתי,תא
5000,תל אביב - יפו,786.0,095,"ישראל מסלנט,27 ",5000,תל אביב - יפו,2306,ישראל מסלנט,27,מועדון נוער שפירא,"מתנ""ס/מועדון נוער",תא
5000,תל אביב - יפו,787.0,095,"ישראל מסלנט,27 ",5000,תל אביב - יפו,2306,ישראל מסלנט,27,מועדון נוער שפירא,"מתנ""ס/מועדון נוער",תא
5000,תל אביב - יפו,788.0,095,"ישראל מסלנט,27 ",5000,תל אביב - יפו,2306,ישראל מסלנט,27,מועדון נוער שפירא,"מתנ""ס/מועדון נוער",תא
5000,תל אביב - יפו,789.0,092,"קפלנסקי,2 ",5000,תל אביב - יפו,2430,קפלנסקי,2,"בי""ס דיזינגוף(דוד רמז)",בית ספר ממלכתי,תא
5000,תל אביב - יפו,790.0,074,דה מודינה אריה,5000,תל אביב - יפו,2353,דה מודינה אריה,0,"בי""ס שורשים (ויתקין)",בית ספר ממלכתי דתי,תא
5000,תל אביב - יפו,791.0,021,"ישראל מסלנט,42 ",5000,תל אביב - יפו,2306,ישראל מסלנט,42,"בי""ס בית יעקב ה",בית ספר ממלכתי דתי,תא
5000,תל אביב - יפו,792.0,021,"ישראל מסלנט,42 ",5000,תל אביב - יפו,2306,ישראל מסלנט,42,"בי""ס בית יעקב ה",בית ספר ממלכתי דתי,תא
5000,תל אביב - יפו,793.0,211,"הקשת,6א",5000,תל אביב - יפו,2408,הקשת,6,מרכז לקשיש -בית עמיעז,מועדון קשישים,תא
5000,תל אביב - יפו,795.0,074,דה מודינה אריה,5000,תל אביב - יפו,2353,דה מודינה אריה,0,"בי""ס שורשים (ויתקין)",בית ספר ממלכתי דתי,תא
5000,תל אביב - יפו,797.0,074,דה מודינה אריה,5000,תל אביב - יפו,2353,דה מודינה אריה,0,"בי""ס שורשים (ויתקין)",בית ספר ממלכתי דתי,תא
5000,תל אביב - יפו,800.0,074,דה מודינה אריה,5000,תל אביב - יפו,2353,דה מודינה אריה,0,"בי""ס שורשים (ויתקין)",בית ספר ממלכתי דתי,תא
5000,תל אביב - יפו,803.0,210,"הרצל,155 ",5000,תל אביב - יפו,2215,הרצל,155,"בי""ס לטבע",בית ספר ממלכתי,תא
5000,תל אביב - יפו,821.0,069,"העליה,49 ",5000,תל אביב - יפו,2216,העליה,49,"בי""ס רוגוזין תיכון עירוני ו",בית ספר תיכון עירוני,תא
5000,תל אביב - יפו,822.0,069,"העליה,49 ",5000,תל אביב - יפו,2216,העליה,49,"בי""ס רוגוזין תיכון עירוני ו",בית ספר תיכון עירוני,תא
5000,תל אביב - יפו,825.0,194,"גולדמן נחום,3 ",5000,תל אביב - יפו,1442,גולדמן נחום,3,"בי""ס עמל טכנולוגי",בית ספר תיכון עירוני,תא
5000,תל אביב - יפו,826.0,194,"גולדמן נחום,3 ",5000,תל אביב - יפו,1442,גולדמן נחום,3,"בי""ס עמל טכנולוגי",בית ספר תיכון עירוני,תא
5000,תל אביב - יפו,827.0,210,"הרצל,155 ",5000,תל אביב - יפו,2215,הרצל,155,"בי""ס לטבע",בית ספר ממלכתי,תא
5000,תל אביב - יפו,835.0,075,"שז""ר זלמן,39 ",5000,תל אביב - יפו,3007,"שז""ר זלמן",39,"בי""ס שזר",בית ספר ממלכתי,תא
5000,תל אביב - יפו,836.0,034,"פסטלוצי,34 ",5000,תל אביב - יפו,1968,פסטלוצי,34,"בי""ס ויצמן",בית ספר ממלכתי,תא
5000,תל אביב - יפו,837.0,203,"נס לגויים,53 ",5000,תל אביב - יפו,2155,נס לגויים,53,"ב""ס תיכון אורט יד שפירא",בית ספר תיכון עירוני,תא
5000,תל אביב - יפו,838.0,034,"פסטלוצי,34 ",5000,תל אביב - יפו,1968,פסטלוצי,34,"בי""ס ויצמן",בית ספר ממלכתי,תא
5000,תל אביב - יפו,839.0,075,"שז""ר זלמן,39 ",5000,תל אביב - יפו,3007,"שז""ר זלמן",39,"בי""ס שזר",בית ספר ממלכתי,תא
5000,תל אביב - יפו,840.0,204,"צונץ,11 ",5000,תל אביב - יפו,3014,צונץ,11,"בי""ס רש""י ראשית חכמה",בית ספר ממלכתי דתי,תא
5000,תל אביב - יפו,841.0,204,"צונץ,11 ",5000,תל אביב - יפו,3014,צונץ,11,"בי""ס רש""י ראשית חכמה",בית ספר ממלכתי דתי,תא
5000,תל אביב - יפו,842.0,203,"נס לגויים,53 ",5000,תל אביב - יפו,2155,נס לגויים,53,"ב""ס תיכון אורט יד שפירא",בית ספר תיכון עירוני,תא
5000,תל אביב - יפו,843.0,023,"דקל,2 ",5000,תל אביב - יפו,3009,דקל,2,"בי""ס ברנר",בית ספר ממלכתי,תא
5000,תל אביב - יפו,844.0,075,"שז""ר זלמן,39 ",5000,תל אביב - יפו,3007,"שז""ר זלמן",39,"בי""ס שזר",בית ספר ממלכתי,תא
5000,תל אביב - יפו,845.0,075,"שז""ר זלמן,39 ",5000,תל אביב - יפו,3007,"שז""ר זלמן",39,"בי""ס שזר",בית ספר ממלכתי,תא
5000,תל אביב - יפו,846.0,204,"צונץ,11 ",5000,תל אביב - יפו,3014,צונץ,11,"בי""ס רש""י ראשית חכמה",בית ספר ממלכתי דתי,תא
5000,תל אביב - יפו,847.0,046,"נחל שורק,5א",5000,תל אביב - יפו,2184,נחל שורק,5,"בי""ס יסודי רש""י",בית ספר ממלכתי דתי,תא
5000,תל אביב - יפו,848.0,047,"נחל שורק,5 ",5000,תל אביב - יפו,2184,נחל שורק,5,"בי""ס חב""ד לבנות",בית ספר ממלכתי דתי,תא
5000,תל אביב - יפו,849.0,047,"נחל שורק,5 ",5000,תל אביב - יפו,2184,נחל שורק,5,"בי""ס חב""ד לבנות",בית ספר ממלכתי דתי,תא
5000,תל אביב - יפו,850.0,200,"רובינשטיין יצחק,14 ",5000,תל אביב - יפו,2029,רובינשטיין יצחק,14,"מרכז קהילתי רק""ע",מרכז קהילתי,תא
5000,תל אביב - יפו,851.0,027,"קהילת קנדה,3 ",5000,תל אביב - יפו,2199,קהילת קנדה,3,"בי""ס ע""ש איתמר בן אב""י",בית ספר ממלכתי,תא
5000,תל אביב - יפו,852.0,200,"רובינשטיין יצחק,14 ",5000,תל אביב - יפו,2029,רובינשטיין יצחק,14,"מרכז קהילתי רק""ע",מרכז קהילתי,תא
5000,תל אביב - יפו,853.0,200,"רובינשטיין יצחק,14 ",5000,תל אביב - יפו,2029,רובינשטיין יצחק,14,"מרכז קהילתי רק""ע",מרכז קהילתי,תא
5000,תל אביב - יפו,854.0,047,"נחל שורק,5 ",5000,תל אביב - יפו,2184,נחל שורק,5,"בי""ס חב""ד לבנות",בית ספר ממלכתי דתי,תא
5000,תל אביב - יפו,855.0,027,"קהילת קנדה,3 ",5000,תל אביב - יפו,2199,קהילת קנדה,3,"בי""ס ע""ש איתמר בן אב""י",בית ספר ממלכתי,תא
5000,תל אביב - יפו,856.0,201,"חיננית,5 ",5000,תל אביב - יפו,3002,חיננית,5,רב שרותים לקשיש,מועדון קשישים,תא
5000,תל אביב - יפו,857.0,200,"רובינשטיין יצחק,14 ",5000,תל אביב - יפו,2029,רובינשטיין יצחק,14,"מרכז קהילתי רק""ע",מרכז קהילתי,תא
5000,תל אביב - יפו,858.0,023,"דקל,2 ",5000,תל אביב - יפו,3009,דקל,2,"בי""ס ברנר",בית ספר ממלכתי,תא
5000,תל אביב - יפו,859.0,201,"חיננית,5 ",5000,תל אביב - יפו,3002,חיננית,5,רב שרותים לקשיש,מועדון קשישים,תא
5000,תל אביב - יפו,860.0,204,"צונץ,11 ",5000,תל אביב - יפו,3014,צונץ,11,"בי""ס רש""י ראשית חכמה",בית ספר ממלכתי דתי,תא
5000,תל אביב - יפו,861.0,203,"נס לגויים,53 ",5000,תל אביב - יפו,2155,נס לגויים,53,"ב""ס תיכון אורט יד שפירא",בית ספר תיכון עירוני,תא
5000,תל אביב - יפו,862.0,200,"רובינשטיין יצחק,14 ",5000,תל אביב - יפו,2029,רובינשטיין יצחק,14,"מרכז קהילתי רק""ע",מרכז קהילתי,תא
5000,תל אביב - יפו,863.0,201,"חיננית,5 ",5000,תל אביב - יפו,3002,חיננית,5,רב שרותים לקשיש,מועדון קשישים,תא
5000,תל אביב - יפו,865.0,046,"נחל שורק,5א",5000,תל אביב - יפו,2184,נחל שורק,5,"בי""ס יסודי רש""י",בית ספר ממלכתי דתי,תא
5000,תל אביב - יפו,866.0,200,"רובינשטיין יצחק,14 ",5000,תל אביב - יפו,2029,רובינשטיין יצחק,14,"מרכז קהילתי רק""ע",מרכז קהילתי,תא
5000,תל אביב - יפו,869.0,048,"פיקוס,19 ",5000,תל אביב - יפו,2023,פיקוס,19,"בי""ס חשמונאים",בית ספר ממלכתי,תא
5000,תל אביב - יפו,870.0,048,"פיקוס,19 ",5000,תל אביב - יפו,2023,פיקוס,19,"בי""ס חשמונאים",בית ספר ממלכתי,תא
5000,תל אביב - יפו,871.0,048,"פיקוס,19 ",5000,תל אביב - יפו,2023,פיקוס,19,"בי""ס חשמונאים",בית ספר ממלכתי,תא
5000,תל אביב - יפו,872.0,048,"פיקוס,19 ",5000,תל אביב - יפו,2023,פיקוס,19,"בי""ס חשמונאים",בית ספר ממלכתי,תא
5000,תל אביב - יפו,873.0,202,"פחד יצחק,8 ",5000,תל אביב - יפו,1861,פחד יצחק,8,"בי""ס שילה בנים",בית ספר ממלכתי דתי,תא
5000,תל אביב - יפו,874.0,048,"פיקוס,19 ",5000,תל אביב - יפו,2023,פיקוס,19,"בי""ס חשמונאים",בית ספר ממלכתי,תא
5000,תל אביב - יפו,875.0,076,"שד חב""ד,25 ",5000,תל אביב - יפו,1935,"שד חב""ד",25,"בי""ס שילה",בית ספר ממלכתי דתי,תא
5000,תל אביב - יפו,876.0,076,"שד חב""ד,25 ",5000,תל אביב - יפו,1935,"שד חב""ד",25,"בי""ס שילה",בית ספר ממלכתי דתי,תא
5000,תל אביב - יפו,877.0,075,"שז""ר זלמן,39 ",5000,תל אביב - יפו,3007,"שז""ר זלמן",39,"בי""ס שזר",בית ספר ממלכתי,תא
5000,תל אביב - יפו,878.0,076,"שד חב""ד,25 ",5000,תל אביב - יפו,1935,"שד חב""ד",25,"בי""ס שילה",בית ספר ממלכתי דתי,תא
5000,תל אביב - יפו,879.0,076,"שד חב""ד,25 ",5000,תל אביב - יפו,1935,"שד חב""ד",25,"בי""ס שילה",בית ספר ממלכתי דתי,תא
5000,תל אביב - יפו,880.0,118,"חידושי הרי""ם,12 ",5000,תל אביב - יפו,1952,"חידושי הרי""ם",12,"בי""ס תיכון מקיף יפו",בית ספר תיכון עירוני,תא
5000,תל אביב - יפו,881.0,027,"קהילת קנדה,3 ",5000,תל אביב - יפו,2199,קהילת קנדה,3,"בי""ס ע""ש איתמר בן אב""י",בית ספר ממלכתי,תא
5000,תל אביב - יפו,882.0,118,"חידושי הרי""ם,12 ",5000,תל אביב - יפו,1952,"חידושי הרי""ם",12,"בי""ס תיכון מקיף יפו",בית ספר תיכון עירוני,תא
5000,תל אביב - יפו,884.0,220,"פסטלוצי,34 ",5000,תל אביב - יפו,1968,פסטלוצי,34,"בי""ס ממלכתי ""לב יפו""",,תא
5000,תל אביב - יפו,885.0,220,"פסטלוצי,34 ",5000,תל אביב - יפו,1968,פסטלוצי,34,"בי""ס ממלכתי ""לב יפו""",,תא
5000,תל אביב - יפו,886.0,034,"פסטלוצי,34 ",5000,תל אביב - יפו,1968,פסטלוצי,34,"בי""ס ויצמן",בית ספר ממלכתי,תא
5000,תל אביב - יפו,887.0,034,"פסטלוצי,34 ",5000,תל אביב - יפו,1968,פסטלוצי,34,"בי""ס ויצמן",בית ספר ממלכתי,תא
5000,תל אביב - יפו,888.0,034,"פסטלוצי,34 ",5000,תל אביב - יפו,1968,פסטלוצי,34,"בי""ס ויצמן",בית ספר ממלכתי,תא
5000,תל אביב - יפו,890.0,084,"נועם,8 ",5000,תל אביב - יפו,1980,נועם,8,"בי""ס הדמוקרטי הפתוח",בית ספר ממלכתי,תא
5000,תל אביב - יפו,891.0,084,"נועם,8 ",5000,תל אביב - יפו,1980,נועם,8,"בי""ס הדמוקרטי הפתוח",בית ספר ממלכתי,תא
5000,תל אביב - יפו,892.0,084,"נועם,8 ",5000,תל אביב - יפו,1980,נועם,8,"בי""ס הדמוקרטי הפתוח",בית ספר ממלכתי,תא
5000,תל אביב - יפו,893.0,084,"נועם,8 ",5000,תל אביב - יפו,1980,נועם,8,"בי""ס הדמוקרטי הפתוח",בית ספר ממלכתי,תא
5000,תל אביב - יפו,894.0,202,"פחד יצחק,8 ",5000,תל אביב - יפו,1861,פחד יצחק,8,"בי""ס שילה בנים",בית ספר ממלכתי דתי,תא
5000,תל אביב - יפו,895.0,048,"פיקוס,19 ",5000,תל אביב - יפו,2023,פיקוס,19,"בי""ס חשמונאים",בית ספר ממלכתי,תא
5000,תל אביב - יפו,896.0,027,"קהילת קנדה,3 ",5000,תל אביב - יפו,2199,קהילת קנדה,3,"בי""ס ע""ש איתמר בן אב""י",בית ספר ממלכתי,תא
5000,תל אביב - יפו,897.0,027,"קהילת קנדה,3 ",5000,תל אביב - יפו,2199,קהילת קנדה,3,"בי""ס ע""ש איתמר בן אב""י",בית ספר ממלכתי,תא
5000,תל אביב - יפו,916.0,223,"יפת,44 ",5000,תל אביב - יפו,1994,יפת,44,"בי""ס תיכון כב'",בית ספר תיכון עירוני,תא
5000,תל אביב - יפו,918.0,113,"קדם,40 ",5000,תל אביב - יפו,1760,קדם,40,"בי""ס חסן עראפה",בית ספר ממלכתי,תא
5000,תל אביב - יפו,919.0,113,"קדם,40 ",5000,תל אביב - יפו,1760,קדם,40,"בי""ס חסן עראפה",בית ספר ממלכתי,תא
5000,תל אביב - יפו,923.0,051,"פייר מנדס פרנס,17 ",5000,תל אביב - יפו,1791,פייר מנדס פרנס,17,"בי""ס יסודי אחוה",בית ספר ממלכתי,תא
5000,תל אביב - יפו,925.0,051,"פייר מנדס פרנס,17 ",5000,תל אביב - יפו,1791,פייר מנדס פרנס,17,"בי""ס יסודי אחוה",בית ספר ממלכתי,תא
5000,תל אביב - יפו,926.0,110,"דונולו הרופא,12 ",5000,תל אביב - יפו,1796,דונולו הרופא,12,"בי""ס תיכון מקיף יב'",בית ספר תיכון עירוני,תא
5000,תל אביב - יפו,927.0,110,"דונולו הרופא,12 ",5000,תל אביב - יפו,1796,דונולו הרופא,12,"בי""ס תיכון מקיף יב'",בית ספר תיכון עירוני,תא
5000,תל אביב - יפו,934.0,110,"דונולו הרופא,12 ",5000,תל אביב - יפו,1796,דונולו הרופא,12,"בי""ס תיכון מקיף יב'",בית ספר תיכון עירוני,תא
5000,תל אביב - יפו,935.0,202,"פחד יצחק,8 ",5000,תל אביב - יפו,1861,פחד יצחק,8,"בי""ס שילה בנים",בית ספר ממלכתי דתי,תא
5000,תל אביב - יפו,950.0,054,"עולי הגרדום,7 ",5000,תל אביב - יפו,345,עולי הגרדום,7,"בי""ס ישגב",בית ספר ממלכתי,תא
5000,תל אביב - יפו,951.0,121,"אבנר,1 ",5000,תל אביב - יפו,313,אבנר,1,מועדון נוער צהלה,"מתנ""ס/מועדון נוער",תא
5000,תל אביב - יפו,952.0,163,"אשכול לוי,94 ",5000,תל אביב - יפו,197,אשכול לוי,94,"בי""ס ממלכתי אביב",בית ספר ממלכתי,תא
5000,תל אביב - יפו,953.0,010,"מגדל שרשן,17 ",5000,תל אביב - יפו,216,מגדל שרשן,17,בי'ס אלחריזי,בית ספר ממלכתי,תא
5000,תל אביב - יפו,954.0,160,"לבנון חיים,37 ",5000,תל אביב - יפו,116,לבנון חיים,37,מרכז קהילתי רמת אביב,מרכז קהילתי,תא
5000,תל אביב - יפו,955.0,080,"בן יהודה,227 ",5000,תל אביב - יפו,510,בן יהודה,227,"בי""ס תיכון ה",בית ספר תיכון עירוני,תא
5000,תל אביב - יפו,956.0,187,"דרך נמיר מרדכי,81 ",5000,תל אביב - יפו,1011,דרך נמיר מרדכי,81,"תיכון חדש ע""ש רבין",בית ספר תיכון עירוני,תא
5000,תל אביב - יפו,957.0,191,"שבזי,22 ",5000,תל אביב - יפו,1327,שבזי,22,מרכז קהילתי נווה צדק,מרכז קהילתי,תא
5000,תל אביב - יפו,958.0,081,"שפע טל,15 ",5000,תל אביב - יפו,1558,שפע טל,15,עירייה-מתחם גבעת התחמושת,מוסד מוניציפלי-משרדים,תא
5000,תל אביב - יפו,959.0,081,"שפע טל,15 ",5000,תל אביב - יפו,1558,שפע טל,15,עירייה-מתחם גבעת התחמושת,מוסד מוניציפלי-משרדים,תא
5000,תל אביב - יפו,960.0,035,"ביצרון,19 ",5000,תל אביב - יפו,2548,ביצרון,19,"בי""ס דוד בלוך",בית ספר ממלכתי,תא
5000,תל אביב - יפו,962.0,223,"יפת,44 ",5000,תל אביב - יפו,1994,יפת,44,"בי""ס תיכון כב'",בית ספר תיכון עירוני,תא
5000,תל אביב - יפו,963.0,146,"טשרנא,7 ",5000,תל אביב - יפו,2691,טשרנא,7,קרית חינוך-יד אליהו,בית ספר תיכון עירוני,תא
5000,תל אביב - יפו,964.0,210,"הרצל,155 ",5000,תל אביב - יפו,2215,הרצל,155,"בי""ס לטבע",בית ספר ממלכתי,תא
5000,תל אביב - יפו,965.0,210,"הרצל,155 ",5000,תל אביב - יפו,2215,הרצל,155,"בי""ס לטבע",בית ספר ממלכתי,תא
5000,תל אביב - יפו,966.0,152,"שארית ישראל,10 ",5000,תל אביב - יפו,1637,שארית ישראל,10,מרכז המוזיקה לנוער,מוסד מוניציפלי-משרדים,תא
5000,תל אביב - יפו,967.0,152,"שארית ישראל,10 ",5000,תל אביב - יפו,1637,שארית ישראל,10,מרכז המוזיקה לנוער,מוסד מוניציפלי-משרדים,תא
5000,תל אביב - יפו,968.0,163,"אשכול לוי,94 ",5000,תל אביב - יפו,197,אשכול לוי,94,"בי""ס ממלכתי אביב",בית ספר ממלכתי,תא
5000,תל אביב - יפו,990.0,195,"הצפירה,20 ",5000,תל אביב - יפו,1526,הצפירה,20,"בי""ס שבח מופת",בית ספר תיכון עירוני,תא